alamat,harga,jumlah_kamar,luas_bangunan,luas_lahan
"Sawangan, Depok",800000000,3,100,90
"Sukmajaya, Depok",700000000,2,84,94
"Cilodong, Depok",643800000,2,48,45
"Sawangan, Depok",300000000,2,36,60
"Cilodong, Depok",625000000,3,90,50
"Depok Jaya, Depok",2200000000,5,190,185
"Tapos, Depok",1380000000,2,78,90
"Depok, Depok",692000000,3,46,60
"Tapos, Depok",600000000,3,120,65
"Beji, Depok",789600000,2,58,50
"Sukmajaya, Depok",1180000000,2,38,90
"Sawangan, Depok",658000000,3,107,67
"Sawangan, Depok",500000000,2,45,72
"Cinere, Depok",1070000000,2,90,40
"Sawangan Baru, Depok",295000000,2,36,50
"Cinere, Depok",450000000,1,38,42
"Depok, Depok",900000000,3,78,65
"Pancoran Mas, Depok",1290000000,3,120,105
"Pancoran Mas, Depok",2700000000,5,200,171
"Cipayung, Depok",1800000000,2,150,150
"Pancoran Mas, Depok",24000000000,2,355,2304
"Bojongsari Baru, Depok",900000000,3,78,65
"Cimanggis, Depok",985000000,3,80,50
"Limo, Depok",650000000,2,56,72
"Sawangan, Depok",700000000,3,120,120
"Cilodong, Depok",1340000000,3,120,129
"Sawangan, Depok",870000000,2,70,96
"Sawangan, Depok",953600000,3,60,66
"Depok, Depok",545000000,3,60,60
"Sawangan, Depok",395000000,2,40,75
"Cinere, Depok",2000000000,4,200,169
"Pancoran Mas, Depok",499000000,3,50,70
"Sawangan, Depok",500000000,2,65,90
"Sawangan, Depok",540000000,2,36,75
"Sawangan, Depok",590000000,2,40,72
"Cinere, Depok",1720000000,4,160,144
"Sawangan, Depok",1020000000,2,72,60
"Sawangan, Depok",700000000,2,45,146
"Cinangka, Depok",1200000000,2,80,185
"Sawangan, Depok",1060000000,4,120,90
"Cinere, Depok",1610000000,2,72,102
"Sawangan, Depok",1180000000,3,110,134
"Sawangan, Depok",2140000000,4,215,160
"Sawangan, Depok",820000000,3,76,96
"Beji, Depok",2320470000,10,240,82
"Cimanggis, Depok",750000000,3,60,93
"Cinere, Depok",374000000,2,36,50
"Cinere, Depok",2247000000,3,101,105
"Sawangan, Depok",700000000,2,36,67
"Sawangan, Depok",1180000000,4,140,105
"Sukmajaya, Depok",1160000000,2,45,98
"Cinere, Depok",2680000000,5,200,320
"Sawangan, Depok",970000000,2,83,83
"Cinere, Depok",2680000000,5,190,230
"Limo, Depok",1640000000,3,95,84
"Sawangan, Depok",2300000000,3,109,112
"Sawangan, Depok",1070000000,3,100,133
"Cimanggis, Depok",3000000000,4,101,232
"Sawangan, Depok",970000000,3,135,72
"Sawangan, Depok",1610000000,3,150,200
"Sawangan, Depok",640000000,2,50,87
"Sawangan, Depok",810000000,2,80,103
"Cilodong, Depok",1340000000,4,100,90
"Sawangan, Depok",1880000000,3,81,128
"Cinere, Depok",1720000000,4,130,76
Depok,780000000,3,150,90
"Cimanggis, Depok",2360000000,3,160,128
"Cinangka, Depok",1500000000,3,72,90
"Cilodong, Depok",765000000,3,56,60
"Cimanggis, Depok",1620000000,4,130,105
Depok,1081000000,4,72,60
"Cimanggis, Depok",920000000,2,70,84
"Tapos, Depok",990000000,2,56,64
"Bojongsari, Depok",960000000,3,85,119
"Tapos, Depok",2198000000,3,91,96
"Sukmajaya, Depok",1530000000,3,70,90
"Bojongsari, Depok",1948000000,2,75,106
"Sawangan, Depok",2129000000,4,180,120
"Pancoran Mas, Depok",1039940000,3,81,58
"Bojongsari, Depok",1267500000,3,75,84
"Pancoran Mas, Depok",1039940000,3,81,58
"Bojongsari, Depok",420000000,2,36,71
"Beji, Depok",1020000000,3,909,87
"Beji, Depok",1340000000,3,100,90
"Beji, Depok",1610000000,4,192,96
"Cinere, Depok",2680000000,5,158,191
"Cilodong, Depok",1020000000,2,84,138
Depok,1040000000,3,61,83
"Cimanggis, Depok",850000000,3,61,72
"Sukmajaya, Depok",1530000000,3,70,90
"Sukmajaya, Depok",710000000,2,50,83
"Margonda, Depok",16000000000,10,256,660
"Cinere, Depok",6000000000,6,420,500
"Sawangan, Depok",590000000,2,72,45
"Depok, Depok",1300000000,3,75,92
"Tapos, Depok",1912000000,2,89,85
"Cilodong, Depok",1150000000,5,180,90
"Cimanggis, Depok",1290000000,3,100,185
"Tapos, Depok",2849000000,3,128,117
"Tapos, Depok",2695400000,3,128,119
"Cinere, Depok",4500000000,3,248,250
"Ratujaya, Depok",150000000,2,40,60
"Beji, Depok",1420000000,2,110,136
"Tanah Baru, Depok",874000000,3,61,66
"Kemiri Muka, Depok",3000000000,6,300,300
"Bojongsari, Depok",1069606773,3,85,84
"Pancoran Mas, Depok",2788000000,4,124,134
"Tapos, Depok",3453200000,3,165,153
"Tapos, Depok",2198000000,3,91,96
"Tapos, Depok",990000000,2,56,64
"Tapos, Depok",1912000000,2,89,85
"Bojongsari, Depok",1069606773,3,85,84
"Rangkapan Jaya, Depok",825000000,2,40,107
Depok,800000000,3,80,69
"Depok, Depok",1250000000,3,100,78
"Tapos, Depok",734250000,2,40,85
"Cimanggis, Depok",1400000000,3,90,180
"Cimanggis, Depok",550000000,2,36,61
"Tapos, Depok",565000000,2,40,63
"Cimanggis, Depok",1070000000,3,55,74
"Sukmajaya, Depok",1150000000,5,180,90
"Sawangan, Depok",629000000,3,52,60
"Sawangan, Depok",1870000000,3,135,124
"Pancoran Mas, Depok",1625000000,3,82,72
"Pancoran Mas, Depok",1888000000,3,95,84
"Sawangan, Depok",695000000,3,52,60
"Tapos, Depok",2849000000,3,128,117
"Bojongsari, Depok",1679000000,3,103,96
"Cilodong, Depok",645000000,2,40,63
"Sawangan, Depok",800000000,2,85,105
"Bojongsari, Depok",854857364,2,58,84
"Cilodong, Depok",980000000,3,100,65
"Beji, Depok",2400000000,10,20,84
"Cimanggis, Depok",852000000,3,66,65
"Sukmajaya, Depok",700000000,2,49,72
"Beji, Depok",1370000000,3,98,98
"Rangkapan Jaya, Depok",910000000,2,40,107
"Pancoran Mas, Depok",599000000,3,50,38
"Pancoran Mas, Depok",1200000000,3,84,84
"Depok, Depok",1500000000,3,100,155
"Beji, Depok",10500000000,10,1600,1075
"Cinere, Depok",4200000000,5,340,240
Depok,680000000,3,62,84
"Cilodong, Depok",632900000,3,73,63
"Sawangan, Depok",480000000,3,50,50
"Cilodong, Depok",1530000000,3,70,90
"Sawangan, Depok",800425000,3,60,72
"Pancoran Mas, Depok",2988000000,4,140,140
"Sawangan, Depok",900000000,3,78,70
"Pasir Putih, Depok",500000000,2,45,80
"Cinangka, Depok",2900000000,7,365,853
"Sawangan, Depok",1411000000,2,88,84
"Cinere, Depok",1640000000,3,73,60
"Cilodong, Depok",350000000,2,42,37
"Cilodong, Depok",895000000,3,70,70
"Sukmajaya, Depok",990000000,3,66,85
"Kalimulya, Depok",685000000,2,45,71
"Cinere, Depok",6000000000,4,200,250
"Pancoran Mas, Depok",780000000,2,65,92
"Cilodong, Depok",765000000,3,66,72
"Cimanggis, Depok",2680000000,4,120,132
"Cimanggis, Depok",1930000000,4,165,128
"Tapos, Depok",3453200000,3,165,153
"Rangkapan Jaya, Depok",1379000000,3,65,84
"Cilodong, Depok",780000000,3,60,60
"Limo, Depok",800000000,2,85,105
"Bojongsari, Depok",2797000000,4,120,129
"Bojongsari, Depok",1411000000,3,85,84
"Sawangan, Depok",636500000,2,38,72
"Tapos, Depok",2695400000,3,128,119
"Sawangan, Depok",2763000000,2,160,120
"Cimanggis, Depok",1377448800,3,89,90
"Cilodong, Depok",1200000000,2,52,153
"Cinere, Depok",949410000,2,36,75
"Sawangan Baru, Depok",1200000000,3,100,100
"Limo, Depok",555000000,2,36,60
"Cilodong, Depok",1660000000,3,150,160
"Beji, Depok",1040000000,2,100,95
"Sawangan, Depok",1849000000,4,107,96
"Sawangan, Depok",1080000000,3,70,72
"Margonda, Depok",3000000000,4,300,300
"Sawangan, Depok",795000000,3,60,72
Depok,2100000000,3,136,112
"Cimanggis, Depok",850000000,2,65,96
"Sukmajaya, Depok",790000000,2,100,120
"Tapos, Depok",1530000000,2,58,80
"Limo, Depok",2500000000,2,100,170
"Cilodong, Depok",865150000,3,66,72
"Cinere, Depok",2600000000,5,150,400
"Cilodong, Depok",865150000,3,66,72
"Sukmajaya, Depok",904500500,3,55,70
"Cilodong, Depok",655000000,2,40,67
"Gandul, Depok",2380000000,4,140,110
"Cilodong, Depok",350000000,2,54,89
"Cipayung, Depok",852900000,3,60,80
"Sukmajaya, Depok",830000000,3,80,99
"Sukmajaya, Depok",1250000000,3,88,95
"Cinere, Depok",1200000000,3,216,144
"Depok, Depok",368000000,2,32,55
Depok,9700000000,25,400,1308
"Cinere, Depok",1450000000,3,45,100
"Mekarsari, Depok",600000000,1,50,200
"Depok, Depok",795000000,3,70,72
"Pancoran Mas, Depok",610000000,3,75,90
"Sawangan, Depok",750000000,3,109,140
"Citayam, Depok",456400000,2,36,79
"Citayam, Depok",380400000,2,36,60
"Bojongsari, Depok",500000000,3,170,258
"Cinere, Depok",1700000000,3,88,71
"Sawangan, Depok",1185000000,2,96,140
"Sawangan, Depok",1300000000,3,200,360
"Tanah Baru, Depok",515140000,2,41,42
"Cipayung, Depok",439200000,3,36,72
"Cimanggis, Depok",610000000,2,41,72
"Sukmajaya, Depok",1600000000,3,300,409
"Tirtajaya, Depok",1100000000,3,70,71
"Citayam, Depok",390000000,2,50,81
"Sawangan Baru, Depok",280000000,2,60,80
"Tapos, Depok",500000000,2,42,60
"Beji, Depok",150000000,1,24,28
"Citayam, Depok",250000000,2,36,50
"Cimanggis, Depok",365000000,3,56,90
"Sukmajaya, Depok",500000000,2,40,63
"Beji Timur, Depok",500000000,2,40,63
"Sukmajaya, Depok",600000000,3,120,122
"Cipayung, Depok",860000000,2,52,113
"Cinere, Depok",180000000,2,32,50
"Beji, Depok",1200000000,3,100,88
"Sawangan, Depok",190000000,2,36,50
"Cipayung, Depok",725000000,2,45,77
"Cinere, Depok",750000000,3,60,65
"Kelapa Dua, Depok",491200000,3,43,65
"Sawangan, Depok",690300000,3,60,60
"Gandul, Depok",240000000,2,30,40
"Cinere, Depok",750000000,3,60,65
"Beji, Depok",1200000000,3,100,88
"Cinere, Depok",180000000,2,32,50
"Cipayung, Depok",725000000,2,45,77
"Sawangan, Depok",190000000,2,36,50
"Pondok Cina, Depok",2950000000,10,400,247
"Beji, Depok",826000000,3,61,63
"Cinere, Depok",820000000,3,72,60
"Sawangan, Depok",715000000,3,70,65
Depok,506604000,3,47,120
"Bedahan, Depok",500000000,3,60,72
"Pasir Putih, Depok",265000000,2,40,30
"Sukmajaya, Depok",485000000,2,50,100
"Cinere, Depok",6800000000,4,411,635
"Depok, Depok",240000000,2,30,50
"Kelapa Dua, Depok",1393200000,3,101,78
"Cimanggis, Depok",750000000,3,71,62
"Depok, Depok",700000000,2,63,110
"Harjamukti, Depok",2000000000,4,130,128
"Sukmajaya, Depok",5800000000,5,400,805
"Tapos, Depok",1130000000,2,75,164
"Depok, Depok",300000000,3,60,72
"Pancoran Mas, Depok",295000000,2,36,60
"Sawangan, Depok",330120000,1,45,72
"Pancoran Mas, Depok",325000000,2,40,60
"Sawangan, Depok",330120000,1,45,72
"Sukmajaya, Depok",1020000000,3,80,97
"Beji, Depok",785000000,7,104,75
"Sawangan, Depok",240000000,2,30,40
"Pondok Petir, Depok",851500000,3,140,131
"Sawangan, Depok",200000000,2,36,45
"Sukmajaya, Depok",1645000000,3,133,120
"Cinere, Depok",1750000000,2,100,162
"Cinere, Depok",700000000,3,80,96
"Cimanggis, Depok",500000000,2,56,63
"Sukmajaya, Depok",2920000000,4,120,194
"Sawangan, Depok",600000000,2,78,90
"Margonda, Depok",240000000,2,30,40
"Cilodong, Depok",1490000000,4,100,90
"Depok, Depok",215000000,2,38,45
"Kelapa Dua, Depok",900000000,3,60,72
"Sawangan, Depok",785000000,3,70,73
"Cilodong, Depok",750000000,2,88,88
"Pancoran Mas, Depok",500000000,2,55,53
"Margonda, Depok",350000000,3,46,72
"Maruyung, Depok",390000000,2,50,56
"Bojongsari, Depok",150000000,2,27,30
"Beji, Depok",660000000,2,40,60
"Cinere, Depok",2040000000,2,150,113
"Sukmajaya, Depok",1300000000,3,100,120
"Depok, Depok",1300000000,3,91,120
"Limo, Depok",540000000,2,40,60
Depok,1900000000,4,105,90
"Tanah Baru, Depok",240000000,2,30,40
"Cinere, Depok",1700000000,3,120,205
"Sawangan, Depok",400000000,1,137,137
"Cinere, Depok",155000000,2,40,60
"Cimanggis, Depok",700000000,2,42,30
"Cinere, Depok",773500000,3,97,63
"Cimanggis, Depok",800000000,3,61,52
"Sawangan, Depok",450000000,2,78,72
"Kelapa Dua, Depok",799000000,3,66,68
"Citayam, Depok",150000000,2,35,35
"Cinere, Depok",6000000000,4,400,550
"Cilodong, Depok",595000000,3,60,104
"Tapos, Depok",550000000,2,50,90
"Gandul, Depok",2046000000,3,120,120
"Sukmajaya, Depok",2500000000,5,200,120
"Citayam, Depok",250000000,2,36,50
"Pancoran Mas, Depok",150000000,2,27,30
"Sawangan, Depok",199000000,2,36,40
"Pancoran Mas, Depok",150000000,2,27,30
"Cimanggis, Depok",600000000,2,40,60
Depok,398000000,2,65,54
"Tirtajaya, Depok",2500000000,5,200,120
"Sukmajaya, Depok",1800000000,4,160,120
Depok,367000000,2,27,75
"Pondok Jaya, Depok",950000000,2,60,81
"Cimanggis, Depok",7800000000,80,1500,1450
"Cinere, Depok",1700000000,3,85,72
"Pangkalan Jati, Depok",433755000,2,45,80
"Kukusan, Depok",1374213500,3,74,66
"Tapos, Depok",150000000,2,27,30
"Beji, Depok",750000000,3,56,65
"Cimanggis, Depok",670000000,2,50,84
"Jatimulya, Depok",715000000,3,60,60
"Cinere, Depok",1600000000,3,150,108
"Cinere, Depok",7800000000,6,650,400
"Kukusan, Depok",11000000000,10,1600,1075
"Citayam, Depok",300000000,2,36,75
"Sukmajaya, Depok",400000000,3,64,103
"Sukmajaya, Depok",435000000,2,50,78
"Sukmajaya, Depok",390000000,3,75,90
"Beji, Depok",3500000000,16,360,502
"Cinere, Depok",700000000,2,58,66
"Cinere, Depok",990000000,3,100,160
"Tanah Baru, Depok",699000000,2,55,65
"Sukmajaya, Depok",240000000,2,30,40
Depok,240000000,2,30,40
"Kelapa Dua, Depok",686000000,3,70,44
"Kukusan, Depok",1480000000,2,110,136
"Kukusan, Depok",1525000000,3,60,90
"Citayam, Depok",250000000,2,40,60
"Citayam, Depok",372000000,2,30,72
Depok,1100000000,4,110,80
"Cilodong, Depok",1000000000,3,126,320
"Pancoran Mas, Depok",150000000,2,27,30
"Cilodong, Depok",1330000000,2,36,232
"Cinere, Depok",1350000000,4,115,90
"Sawangan, Depok",370000000,2,36,70
"Tapos, Depok",200000000,2,60,67
"Cinere, Depok",700000000,2,50,91
"Sawangan, Depok",1200000000,4,193,150
"Pancoran Mas, Depok",750000000,3,60,80
Depok,265100000,2,54,54
"Sawangan, Depok",150000000,2,33,50
"Sukmajaya, Depok",950000000,3,75,84
"Cinere, Depok",4250000000,14,500,715
"Sawangan, Depok",395000000,2,42,60
"Citayam, Depok",215000000,2,36,60
"Kelapa Dua, Depok",685000000,3,65,60
"Citayam, Depok",375000000,2,45,60
"Cilodong, Depok",700000000,3,73,73
"Cinere, Depok",1820000000,3,300,165
"Citayam, Depok",372000000,2,30,72
"Leuwi Nanggung, Depok",650000000,2,70,91
"Tapos, Depok",1000000000,3,120,98
"Citayam, Depok",1500000000,3,128,200
"Rangkapan Jaya, Depok",499000000,2,41,64
"Sukmajaya, Depok",485000000,2,90,90
"Cipayung, Depok",165000000,2,27,30
"Cinere, Depok",2700000000,5,180,405
Depok,240000000,2,30,40
"Beji, Depok",195000000,2,36,55
"Tanah Baru, Depok",695000000,2,55,65
"Cilodong, Depok",155500000,1,24,30
"Cilodong, Depok",750000000,2,50,90
"Cimanggis, Depok",300000000,2,45,65
"Cilodong, Depok",900000000,3,80,80
"Sawangan, Depok",350000000,3,60,72
"Cinere, Depok",2100000000,5,300,195
"Sawangan, Depok",760000000,2,42,89
"Sawangan, Depok",395000000,2,33,73
"Cinere, Depok",4500000000,4,400,325
"Cimanggis, Depok",2500000000,3,220,220
"Sawangan, Depok",992000000,3,85,127
"Cilodong, Depok",1560000000,3,90,72
Depok,660000000,2,50,82
Depok,660000000,2,45,80
Depok,859000000,2,90,108
Depok,1050000000,5,154,83
Depok,2500000000,3,300,315
"Sawangan, Depok",1475000000,3,120,80
"Cipayung, Depok",400000000,2,55,87
Depok,810000000,3,65,89
"Tapos, Depok",625000000,3,90,50
"Pancoran Mas, Depok",285000000,2,59,59
Depok,190000000,2,36,50
"Pancoran Mas, Depok",980000000,3,80,88
"Citayam, Depok",375000000,2,45,60
"Tapos, Depok",456000000,2,46,40
"Margonda, Depok",834000000,3,36,90
"Pondok Petir, Depok",764500000,3,84,84
"Pangkalan Jati Baru, Depok",3000000000,4,265,136
"Cimanggis, Depok",750000000,3,71,62
"Sawangan, Depok",658000000,1,27,60
"Sawangan, Depok",681000000,2,45,51
"Sawangan, Depok",715000000,2,45,56
Depok,190000000,2,36,50
"Tanah Baru, Depok",999000000,3,90,55
"Tapos, Depok",456000000,2,46,40
"Pangkalan Jati Baru, Depok",3000000000,4,265,136
"Sawangan, Depok",530120000,2,45,72
"Cilodong, Depok",799000000,2,82,149
"Pancoran Mas, Depok",525000000,2,45,84
"Cilodong, Depok",900000000,3,98,70
"Cinere, Depok",5500000000,6,400,500
"Cinere, Depok",4800000000,6,400,240
"Cilodong, Depok",599000000,3,50,40
"Bojongsari, Depok",1290000000,2,60,78
"Margonda, Depok",834000000,3,36,90
"Pondok Petir, Depok",764500000,3,84,84
"Cinere, Depok",2850000000,4,200,261
Depok,1220000000,3,90,72
"Sawangan, Depok",1350000000,4,117,97
"Cisalak, Depok",800000000,3,74,60
"Cimanggis, Depok",747000000,2,51,72
"Margonda, Depok",950000000,3,61,80
"Cilodong, Depok",596000000,3,50,40
"Bojongsari Baru, Depok",2102020200,3,180,265
"Bojongsari, Depok",550000000,2,45,70
"Cilodong, Depok",895000000,3,70,65
"Cilodong, Depok",672000000,2,38,60
"Limo, Depok",1640000000,5,95,84
"Limo, Depok",1640000000,5,95,84
"Sawangan, Depok",795000000,3,70,63
"Kalibaru, Depok",1180000000,3,70,87
"Bojongsari, Depok",590000000,2,60,86
"Bojongsari, Depok",650000000,2,69,84
"Limo, Depok",1820000000,4,220,150
"Cimanggis, Depok",630000000,2,56,52
"Cimanggis, Depok",630000000,2,56,52
"Cimanggis, Depok",630000000,2,56,52
"Sawangan, Depok",810000000,2,80,103
"Cimanggis, Depok",630000000,2,56,52
"Cimanggis, Depok",630000000,2,56,52
"Sukmajaya, Depok",3000000000,4,138,235
"Pancoran Mas, Depok",500000000,2,40,40
"Pancoran Mas, Depok",1350000000,3,154,83
"Pancoran Mas, Depok",1500000000,3,88,84
"Pancoran Mas, Depok",1350000000,3,156,85
"Cinere, Depok",1750000000,4,120,104
Depok,1290000000,2,60,78
"Cipayung Jaya, Depok",326613000,2,33,60
"Cinere, Depok",4800000000,4,256,400
"Cilodong, Depok",695000000,3,53,99
Depok,3900000000,5,200,180
"Sawangan, Depok",2548000000,3,136,112
"Cilodong, Depok",850000000,2,58,50
"Sawangan, Depok",901000000,3,78,70
"Cimanggis, Depok",1350000000,3,80,120
"Bojongsari, Depok",290000000,1,45,60
"Cimanggis, Depok",350000000,2,24,38
"Pondok Petir, Depok",450000000,2,45,60
"Cinere, Depok",1660000000,3,88,90
"Bojongsari, Depok",799000000,2,45,84
"Cilodong, Depok",596000000,3,50,40
"Cipayung Jaya, Depok",198790000,2,25,40
"Cilodong, Depok",599000000,3,50,40
"Cimanggis, Depok",1300000000,3,150,150
"Cimanggis, Depok",669000000,3,62,60
"Sawangan, Depok",745000000,3,70,60
"Beji, Depok",1917337500,6,164,82
"Sawangan, Depok",670000500,3,50,71
"Cinangka, Depok",1300000000,3,71,74
"Sawangan, Depok",1200000000,2,60,152
"Sawangan, Depok",590000000,2,40,72
"Sawangan, Depok",1880000000,3,81,128
"Sawangan, Depok",700000000,2,60,86
"Sawangan, Depok",695000000,2,60,45
"Sawangan, Depok",1926000000,3,120,117
"Sawangan, Depok",1040000000,2,100,95
"Bojongsari, Depok",1877200000,4,96,98
"Cilodong, Depok",1290000000,3,80,105
"Bojongsari, Depok",1877200000,4,96,98
"Tapos, Depok",490000000,2,36,61
"Bojongsari, Depok",873000000,2,56,82
"Kelapa Dua, Depok",895000000,3,81,50
"Sawangan, Depok",901000000,3,78,70
"Cimanggis, Depok",1350000000,3,80,120
"Cimanggis, Depok",350000000,2,24,38
"Bojongsari, Depok",290000000,1,45,60
"Sawangan, Depok",1200000000,2,60,152
"Sawangan, Depok",2548000000,3,136,112
"Pondok Petir, Depok",450000000,2,45,60
"Citayam, Depok",372000000,2,27,75
Depok,2500000000,4,300,200
"Cinere, Depok",800000000,2,45,85
"Cimanggis, Depok",4000000000,4,600,192
"Sawangan, Depok",788000000,3,72,103
"Tanah Baru, Depok",465000000,2,50,45
"Cilodong, Depok",350000000,2,40,72
"Sukmajaya, Depok",2090000000,4,120,194
"Cilodong, Depok",1005420000,3,72,66
Depok,2100000000,3,121,120
"Depok, Depok",200000000,2,30,40
"Pancoran Mas, Depok",775000000,3,75,104
"Sukmajaya, Depok",1400000000,5,446,446
"Sawangan, Depok",479000000,2,42,60
"Sukamaju, Depok",802000000,3,55,60
"Sawangan, Depok",1240000000,3,74,132
"Pangkalan Jati, Depok",9500000000,7,250,820
"Depok, Depok",1500000000,5,250,198
"Tapos, Depok",1500000000,4,122,105
"Kelapa Dua, Depok",850000000,3,100,120
"Cilodong, Depok",985000000,3,80,79
"Cilodong, Depok",925000000,3,80,82
"Citayam, Depok",375000000,2,45,62
"Sawangan, Depok",1475000000,3,120,80
"Sawangan, Depok",1475000000,3,120,80
"Sawangan, Depok",1475000000,3,120,80
"Margonda, Depok",1200000000,2,50,90
"Margonda, Depok",899000000,2,45,90
"Sawangan, Depok",378250000,2,33,68
"Sawangan, Depok",408000000,2,33,77
"Tapos, Depok",1050000000,2,85,107
"Cimanggis, Depok",2600000000,3,117,128
"Tapos, Depok",1020000000,3,140,120
"Cinere, Depok",5200000000,5,625,360
"Sukamaju Baru, Depok",685000000,3,65,60
"Kalimulya, Depok",710000000,2,45,70
"Cinere, Depok",1950000000,4,120,97
"Tapos, Depok",986000000,3,61,60
"Pancoran Mas, Depok",650000000,2,45,67
"Bojongsari, Depok",630000000,3,60,90
"Sawangan, Depok",760000000,2,42,89
"Cimanggis, Depok",1100000000,3,68,90
"Sawangan, Depok",750000000,3,60,80
"Cinere, Depok",2984400000,3,375,340
"Sawangan, Depok",405000000,2,45,77
"Pancoran Mas, Depok",900000000,3,80,77
"Sawangan Baru, Depok",400000000,2,36,60
Depok,1537500000,4,200,160
"Sawangan Baru, Depok",530000000,2,40,60
"Cinere, Depok",2800000000,3,180,240
Depok,1189000000,3,58,94
Depok,1400000000,3,70,227
"Margonda, Depok",1300000000,3,75,83
"Citayam, Depok",510000000,2,48,72
"Sawangan, Depok",570000000,2,40,66
"Sawangan, Depok",540000000,2,40,60
"Cimanggis, Depok",3750000000,4,220,320
"Bojongsari, Depok",799000000,2,76,108
"Sawangan, Depok",1478000000,3,88,84
"Cilodong, Depok",599000000,3,50,40
"Grogol, Depok",360000000,2,40,65
"Depok, Depok",1150000000,3,107,85
"Cimanggis, Depok",1100000000,3,68,90
"Sawangan, Depok",405000000,2,45,77
"Pancoran Mas, Depok",900000000,3,80,77
"Sawangan Baru, Depok",400000000,2,36,60
"Bojongsari, Depok",630000000,3,60,90
"Sawangan, Depok",760000000,2,42,89
"Cinere, Depok",2800000000,3,180,240
"Sawangan, Depok",750000000,3,60,80
"Cilangkap, Depok",708171141,3,62,69
"Margonda, Depok",1300000000,3,75,83
Depok,979000000,3,115,76
"Citayam, Depok",510000000,2,48,72
"Sawangan, Depok",570000000,2,40,66
"Sawangan, Depok",540000000,2,40,60
"Cimanggis, Depok",3750000000,4,220,320
Depok,1400000000,3,70,227
"Cimanggis, Depok",2850000000,6,300,320
"Cinere, Depok",1450000000,3,45,100
"Cinere, Depok",7000000000,4,300,600
"Sawangan, Depok",715000000,3,60,50
"Cinere, Depok",795000000,3,70,72
"Pancoran Mas, Depok",1500000000,5,150,135
"Leuwi Nanggung, Depok",964600000,3,74,56
"Sukatani, Depok",2865000000,4,370,195
"Sawangan, Depok",265000000,2,45,61
"Bedahan, Depok",550000000,2,40,60
"Sukmajaya, Depok",1500000000,2,70,90
"Sawangan, Depok",405000000,2,45,70
"Cimanggis, Depok",970000000,3,86,75
"Cimanggis, Depok",630000000,2,56,52
"Cimanggis, Depok",630000000,2,56,52
"Cimanggis, Depok",630000000,2,56,52
"Sawangan, Depok",2300000000,3,109,112
"Sukmajaya, Depok",1700000000,3,150,342
"Bojongsari, Depok",800000000,2,56,74
"Cinere, Depok",265000000,2,54,54
"Cilodong, Depok",865000000,3,75,65
"Sawangan, Depok",795000000,3,70,72
"Sawangan, Depok",610000000,2,45,72
"Sawangan, Depok",1350000000,3,155,85
Depok,400000000,2,43,72
"Cilodong, Depok",825000000,3,65,65
"Tapos, Depok",1200000000,3,80,44
"Bojongsari, Depok",480000000,2,50,72
Depok,400000000,2,42,84
"Cipayung, Depok",935000000,4,450,341
"Sukmajaya, Depok",1160000000,2,45,98
"Cinangka, Depok",638000000,2,45,65
Depok,549000000,3,84,90
"Cilodong, Depok",895000000,3,70,65
Depok,1189000000,3,58,94
"Sawangan, Depok",1478000000,3,88,84
"Bojongsari, Depok",799000000,2,76,108
"Citayam, Depok",280000000,2,33,54
"Tugu, Depok",1100000000,3,90,104
"Sawangan, Depok",800000000,4,101,77
"Sawangan, Depok",1800000000,3,128,230
"Citayam, Depok",850000000,3,91,74
"Sawangan, Depok",760000000,2,45,84
"Cinangka, Depok",815000000,3,70,60
"Cinangka, Depok",1301000000,3,70,106
"Sawangan, Depok",2247000000,3,101,105
"Sawangan, Depok",775750000,2,60,95
"Sawangan, Depok",2140000000,4,171,144
"Margonda, Depok",2140000000,4,196,130
"Bedahan, Depok",450000000,2,43,60
"Cisalak, Depok",750000000,3,60,93
"Limo, Depok",2890000000,3,118,120
"Cimanggis, Depok",2470000000,3,107,145
"Beji, Depok",1917337550,6,164,82
"Sawangan, Depok",407000000,2,36,60
"Pondok Petir, Depok",680000000,2,50,62
"Sawangan, Depok",625000000,2,50,84
"Sawangan, Depok",540000000,2,40,60
"Cilodong, Depok",4500000000,3,200,450
"Cinere, Depok",55000000000,4,400,3900
"Cinere, Depok",6800000000,5,325,286
"Kalimulya, Depok",673100000,3,63,54
"Margonda, Depok",1170000000,3,64,84
Depok,265000000,2,36,50
"Sawangan, Depok",255000000,2,30,40
"Sawangan, Depok",1830000000,3,110,98
"Depok, Depok",385000000,2,36,60
"Cinere, Depok",325000000,2,36,60
"Cinere, Depok",195000000,2,30,30
"Cinere, Depok",1900000000,3,150,72
"Leuwi Nanggung, Depok",210000000,2,45,50
Depok,2845000000,3,200,305
"Sawangan, Depok",700000000,3,110,80
"Tanah Baru, Depok",1500000000,3,120,81
"Cilodong, Depok",650000000,2,50,88
"Margonda, Depok",1050000000,3,60,72
"Cipayung, Depok",199999000,1,21,40
"Pancoran Mas, Depok",650000000,2,38,65
"Sawangan, Depok",950000000,3,130,150
"Sawangan, Depok",1500000000,3,160,120
"Cilodong, Depok",620000000,3,90,66
"Cilodong, Depok",610000000,2,50,40
"Sawangan, Depok",774000000,2,45,99
"Cilodong, Depok",650000000,2,50,88
Depok,265000000,2,36,50
"Limo, Depok",1400000000,3,70,227
"Cimanggis, Depok",1480000000,3,90,136
"Sukmajaya, Depok",1075000000,3,72,70
"Cipayung, Depok",1490000000,4,100,90
"Kelapa Dua, Depok",1574600000,3,103,52
"Cilodong, Depok",875000000,3,72,65
"Pancoran Mas, Depok",420000000,2,40,66
"Cinere, Depok",1650000000,3,114,90
"Cilodong, Depok",875000000,3,80,72
"Cinere, Depok",5500000000,5,400,668
"Beji, Depok",1250000000,3,115,84
"Pancoran Mas, Depok",5000000000,5,600,500
"Cinere, Depok",1500000000,3,210,215
"Sawangan, Depok",992000000,3,85,127
"Sawangan, Depok",378250000,2,33,68
"Cisalak, Depok",1100000000,8,206,103
"Cilodong, Depok",625000000,3,90,50
"Sawangan, Depok",1475000000,3,120,80
"Bojongsari, Depok",799000000,2,76,108
Depok,1125000000,2,50,90
"Pengasinan, Depok",2163000000,4,150,150
"Bojongsari Baru, Depok",950000000,2,50,66
"Sawangan, Depok",585000000,2,40,60
"Sukmajaya, Depok",990000000,3,75,103
"Citayam, Depok",358000000,2,33,50
"Sukamaju Baru, Depok",685000000,3,65,60
"Citayam, Depok",375000000,2,45,62
"Beji, Depok",1295000000,3,115,84
"Beji, Depok",1175000000,3,80,60
"Pancoran Mas, Depok",822000000,3,70,74
"Cilodong, Depok",845000000,3,100,132
"Sawangan, Depok",1400000000,3,75,84
"Cinere, Depok",5200000000,5,625,360
"Sawangan, Depok",410000000,2,45,77
"Cinere, Depok",1850000000,4,100,150
"Beji, Depok",1475000000,5,190,100
"Sawangan, Depok",1500000000,3,115,96
"Limo, Depok",950000000,4,150,100
"Cinere, Depok",850000000,2,40,107
"Cilodong, Depok",500000000,2,45,42
Depok,540000000,2,60,40
"Depok, Depok",3000000000,4,195,160
"Cimanggis, Depok",670000000,2,36,60
"Cimanggis, Depok",840000000,2,45,90
"Sawangan Baru, Depok",390000000,2,36,60
Depok,375000000,2,45,72
"Sawangan, Depok",860000000,3,70,72
"Sawangan, Depok",610000000,2,45,72
"Cimanggis, Depok",3450000000,5,250,160
"Bojongsari, Depok",910000000,2,33,110
"Mampang, Depok",2650000000,5,200,143
"Sawangan, Depok",850000000,3,80,117
"Sawangan, Depok",1300000000,2,88,84
"Kelapa Dua, Depok",697000000,2,60,68
"Cilodong, Depok",596000000,3,50,40
"Cilodong, Depok",849000000,3,69,80
"Cimanggis, Depok",1190000000,3,90,105
"Cinere, Depok",2500000000,3,100,150
"Cinere, Depok",4950000000,3,500,370
"Cinere, Depok",4800000000,5,280,328
"Beji, Depok",1500000000,4,114,91
"Sawangan, Depok",1350000000,3,154,83
Depok,2300000000,3,109,112
Depok,851500000,3,140,131
"Cipayung, Depok",208729500,2,25,40
Depok,500000000,2,21,60
"Pondok Petir, Depok",1220000000,3,90,72
"Bojongsari, Depok",851500000,3,140,131
"Margonda, Depok",1500000000,5,150,135
"Cimanggis, Depok",10000000000,6,1275,1502
"Bojongsari, Depok",1200000000,2,60,152
"Tapos, Depok",1712000000,4,200,180
"Bojongsari, Depok",700000000,2,45,85
"Cilodong, Depok",1650000000,3,189,108
"Sawangan, Depok",415000000,2,45,77
"Cinere, Depok",5500000000,5,442,468
"Cipayung, Depok",486000000,2,65,71
"Cinere, Depok",2000000000,3,158,120
"Cinere, Depok",2700000000,3,160,84
"Pancoran Mas, Depok",450000000,2,72,72
"Sawangan, Depok",880000000,3,85,75
"Bedahan, Depok",557000000,2,45,60
"Sawangan, Depok",1200000000,3,120,170
"Cimanggis, Depok",807000000,3,36,84
"Bojongsari, Depok",815000000,3,72,66
"Kalimulya, Depok",810000000,3,70,60
"Cipayung, Depok",198790000,2,25,40
"Pancoran Mas, Depok",629000000,2,45,78
"Sawangan, Depok",199000000,2,40,36
"Beji, Depok",2320470000,10,240,82
"Sawangan, Depok",415000000,2,45,77
"Sawangan, Depok",540000000,2,40,60
"Cinere, Depok",450000000,3,50,90
"Bojongsari, Depok",1180000000,4,185,109
"Sukmajaya, Depok",680000000,2,30,90
"Cimanggis, Depok",630000000,2,56,52
"Rangkapan Jaya, Depok",1000000000,3,95,89
"Leuwi Nanggung, Depok",499000000,2,40,53
"Cimanggis, Depok",630000000,2,56,52
"Cimanggis, Depok",630000000,2,56,52
"Cimanggis, Depok",890000000,3,81,50
"Cilodong, Depok",499000000,2,50,98
"Cilodong, Depok",1490000000,4,100,90
"Cimanggis, Depok",630000000,2,56,52
"Cimanggis, Depok",630000000,2,56,52
"Cimanggis, Depok",630000000,2,56,52
"Kelapa Dua, Depok",1800000000,5,180,220
"Limo, Depok",930000000,2,55,91
"Cinere, Depok",5000000000,3,338,493
"Citayam, Depok",395000000,2,45,72
"Cilodong, Depok",677000000,2,36,78
"Citayam, Depok",175000000,2,40,40
"Cimanggis, Depok",1300000000,3,174,87
"Pondok Petir, Depok",851500000,3,131,140
"Tapos, Depok",700000000,3,72,60
"Sawangan Baru, Depok",1450000000,3,88,84
"Kalimulya, Depok",600000000,3,60,50
"Depok, Depok",1400000000,3,88,84
"Sawangan, Depok",1290000000,3,120,105
"Bojongsari, Depok",1100000000,3,56,78
"Sukmajaya, Depok",880000000,3,150,90
"Bojongsari, Depok",480000000,2,50,72
"Sawangan, Depok",375000000,2,40,60
"Sawangan, Depok",570000000,2,45,72
"Cipayung Jaya, Depok",320000000,3,60,50
"Cilodong, Depok",800000000,2,69,85
"Bojongsari, Depok",1625000000,4,120,82
"Depok, Depok",600000000,3,50,38
"Bojongsari, Depok",851500000,3,140,131
"Margonda, Depok",1070000000,2,47,110
"Cilodong, Depok",1340000000,2,100,120
"Sukmajaya, Depok",1020000000,2,100,111
"Pancoran Mas, Depok",10000000000,5,553,2098
"Cipayung, Depok",1099000000,2,48,144
"Sawangan, Depok",1200000000,4,220,110
Depok,335000000,2,30,52
"Cimanggis, Depok",7500000000,6,370,902
"Sawangan, Depok",606000000,2,45,71
"Sawangan, Depok",649632000,2,45,71
"Cimanggis, Depok",750000000,4,105,89
"Sawangan, Depok",897600000,2,45,80
"Pancoran Mas, Depok",550000000,3,60,72
"Tapos, Depok",510000000,2,46,40
"Tapos, Depok",700000000,2,36,50
"Pancoran Mas, Depok",210000000,2,50,60
"Limo, Depok",250000000,2,40,60
"Sawangan, Depok",398000000,2,42,30
"Sawangan Baru, Depok",1500000000,3,136,112
"Sawangan, Depok",640000000,2,50,73
"Cilodong, Depok",603000000,3,70,54
"Pengasinan, Depok",775000000,3,60,60
"Sawangan, Depok",495000000,2,50,82
"Curug, Depok",225000000,2,36,45
"Cinere, Depok",1250000000,2,63,98
"Cilodong, Depok",169000000,1,23,30
"Sawangan, Depok",1200000000,3,96,140
"Tanah Baru, Depok",890000000,3,61,68
"Kalibaru, Depok",629500000,3,60,99
"Depok, Depok",2500000000,2,110,210
"Sawangan, Depok",947000000,3,85,115
Depok,725000000,2,45,77
"Tapos, Depok",820000000,2,70,82
Depok,1640000000,3,95,84
"Cilangkap, Depok",625000000,3,90,50
Depok,660000000,2,45,80
"Kalimulya, Depok",800000000,3,70,65
"Kalimulya, Depok",540000000,2,40,64
"Sawangan, Depok",1475000000,3,120,80
"Sawangan, Depok",1475000000,3,120,80
"Sawangan, Depok",1475000000,3,120,80
Depok,725000000,2,745,77
"Sawangan, Depok",408000000,2,33,77
"Cilangkap, Depok",850000000,8,400,236
Depok,2600000000,3,220,188
"Limo, Depok",5500000000,6,600,700
"Cinere, Depok",1500000000,3,98,68
"Sawangan, Depok",1184000000,3,95,67
"Cilodong, Depok",1160000000,3,85,107
"Sawangan, Depok",275000000,2,45,60
"Cipayung, Depok",680000000,2,34,101
"Cinangka, Depok",555000000,2,42,55
"Serua, Depok",654000000,2,71,60
Depok,740000000,2,70,84
Depok,250000000,2,40,60
"Mekarsari, Depok",620000000,2,80,90
"Tapos, Depok",680000000,2,36,60
"Cinere, Depok",15000000000,9,700,1479
"Cinere, Depok",35000000000,8,500,2856
"Sawangan, Depok",980000000,3,60,112
"Sukmajaya, Depok",985000000,2,38,130
"Sawangan, Depok",1450000000,3,75,84
"Cimanggis, Depok",730000000,4,100,90
"Depok, Depok",667000000,2,50,50
"Cinere, Depok",2700000000,4,204,228
"Cimanggis, Depok",950000000,2,40,60
"Cimanggis, Depok",1500000000,5,200,130
"Depok, Depok",420000000,2,90,60
"Pengasinan, Depok",385000000,2,45,70
Depok,6000000000,5,450,321
"Citayam, Depok",699990000,3,60,60
"Cilodong, Depok",588000000,2,42,40
"Pancoran Mas, Depok",1005000000,3,80,77
"Cinere, Depok",3450000000,6,251,208
Depok,1220000000,3,90,72
"Cinere, Depok",7000000000,4,300,600
Depok,1800000000,5,200,160
"Cinere, Depok",1900000000,4,180,120
"Cilodong, Depok",895000000,3,70,70
"Kalimulya, Depok",810000000,3,70,60
"Cilodong, Depok",1175000000,2,45,120
"Pancoran Mas, Depok",3500000000,10,400,203
"Tapos, Depok",1200000000,3,96,105
"Margonda, Depok",730000000,2,45,93
"Cimanggis, Depok",709000000,2,47,45
"Margonda, Depok",1770000000,2,65,180
"Citayam, Depok",155000000,2,30,30
"Limo, Depok",999000000,3,66,67
"Sawangan, Depok",2300000000,3,109,112
"Cinere, Depok",1526000000,3,75,65
"Cimanggis, Depok",1100000000,2,45,72
"Cimanggis, Depok",1550000000,3,125,180
"Cilodong, Depok",1099000000,5,120,110
"Pangkalan Jati, Depok",6250000000,8,252,395
"Pengasinan, Depok",415000000,2,45,77
"Cilodong, Depok",876400000,3,68,56
"Sukmajaya, Depok",820000000,3,72,60
"Bojongsari, Depok",785000000,2,60,90
"Sukmajaya, Depok",800000000,3,110,140
"Sukmajaya, Depok",1200000000,4,300,72
"Bojongsari, Depok",830000000,2,44,96
"Cimanggis, Depok",630000000,2,56,52
"Cimanggis, Depok",630000000,2,56,52
"Beji, Depok",1820000000,4,220,150
"Cimanggis, Depok",630000000,2,56,52
"Beji, Depok",460000000,6,30,30
"Margonda, Depok",4590000000,9,500,1045
"Bojongsari, Depok",2790000000,3,150,128
"Pancoran Mas, Depok",1926000000,3,120,117
"Cinere, Depok",1290000000,3,45,123
"Bojongsari, Depok",550000000,2,50,72
"Cimanggis, Depok",630000000,2,56,52
"Cimanggis, Depok",630000000,2,56,52
"Kalibaru, Depok",739000000,2,72,167
"Cilodong, Depok",895000000,3,70,70
"Cilodong, Depok",1175000000,2,45,120
"Pancoran Mas, Depok",3500000000,10,400,203
"Cinere, Depok",7000000000,4,300,600
Depok,1800000000,5,200,160
"Cinere, Depok",1900000000,4,180,120
"Margonda, Depok",730000000,2,45,93
"Sawangan, Depok",690000000,3,64,72
"Kalimulya, Depok",810000000,3,70,60
"Cimanggis, Depok",709000000,2,47,45
"Margonda, Depok",1770000000,2,65,180
"Citayam, Depok",155000000,2,30,30
"Margonda, Depok",4590000000,9,500,1045
"Kalibaru, Depok",739000000,2,72,167
"Cimanggis, Depok",630000000,2,56,52
"Beji, Depok",1820000000,4,220,150
"Beji, Depok",460000000,6,30,30
"Cinere, Depok",1290000000,3,45,123
"Pancoran Mas, Depok",1926000000,3,120,117
"Bojongsari, Depok",550000000,2,50,72
"Cimanggis, Depok",630000000,2,56,52
"Cimanggis, Depok",630000000,2,56,52
"Bojongsari, Depok",2790000000,3,150,128
"Cimanggis, Depok",600000000,2,36,60
"Sawangan, Depok",530000000,2,40,58
"Sawangan, Depok",900000000,3,78,70
"Citayam, Depok",335000000,2,40,60
"Margonda, Depok",6000000000,4,450,321
"Sawangan, Depok",1980000000,3,110,98
"Citayam, Depok",150000000,2,35,35
"Tapos, Depok",2700000000,5,300,639
"Citayam, Depok",250000000,2,50,72
"Sawangan Baru, Depok",1100000000,4,101,77
"Cimanggis, Depok",975000000,2,80,106
"Limo, Depok",1200000000,3,80,120
"Cimanggis, Depok",350000000,2,24,38
"Depok, Depok",1200000000,4,200,113
"Margonda, Depok",2900000000,10,360,181
"Tapos, Depok",830000000,2,30,90
"Cilodong, Depok",3500000000,5,180,423
"Sawangan, Depok",1220000000,3,90,72
"Sawangan, Depok",635000000,2,68,98
"Pancoran Mas, Depok",1605000000,4,115,120
"Sawangan, Depok",1070000000,3,120,96
"Sawangan, Depok",1340000000,3,100,90
"Margonda, Depok",1400000000,2,53,123
"Sawangan, Depok",530000000,2,40,58
"Sawangan, Depok",900000000,3,78,70
"Citayam, Depok",753895000,3,68,76
"Margonda, Depok",6000000000,4,450,321
"Cinere, Depok",3750000000,4,150,240
"Sawangan Baru, Depok",1639000000,3,82,72
"Tapos, Depok",630000000,2,52,56
"Sawangan, Depok",678000000,2,47,40
"Sawangan, Depok",500000000,2,40,60
"Sawangan Baru, Depok",1700000000,3,136,112
"Sawangan, Depok",760000000,2,42,89
Depok,2700000000,3,118,120
"Cimanggis, Depok",1070000000,2,60,183
"Margonda, Depok",1200000000,3,123,93
"Sukmajaya, Depok",1180000000,2,38,90
"Harjamukti, Depok",3300000000,4,245,170
"Limo, Depok",1290000000,3,64,94
"Margonda, Depok",1500000000,8,200,155
"Depok, Depok",1050000000,3,120,98
"Pondok Petir, Depok",550000000,3,100,78
Depok,899000000,2,45,90
"Cinere, Depok",1300000000,2,63,98
Depok,220000000,2,30,40
Depok,1780000000,3,150,106
"Sawangan, Depok",1400000000,3,65,227
"Sawangan, Depok",947000000,3,85,115
"Sawangan, Depok",1475000000,3,120,80
"Tapos, Depok",880000000,2,42,90
"Sawangan, Depok",1475000000,3,120,80
"Sawangan, Depok",1475000000,3,120,80
"Beji, Depok",2473650000,10,210,95
"Sawangan, Depok",408000000,2,33,77
"Limo, Depok",1300000000,3,110,108
"Sawangan, Depok",448000000,2,49,42
"Cimanggis, Depok",1100000000,3,62,101
"Sukmajaya, Depok",899000000,2,45,90
"Cimanggis, Depok",674183000,2,36,60
"Pancoran Mas, Depok",875000000,2,90,96
"Citayam, Depok",375000000,2,45,62
Depok,891000000,3,62,60
"Sawangan, Depok",805000000,3,60,60
"Sawangan, Depok",661000000,2,45,48
"Sukmajaya, Depok",730000000,3,51,64
"Beji, Depok",776000000,2,51,60
"Cinangka, Depok",2200000000,7,185,416
"Cinere, Depok",3400000000,5,170,160
"Tapos, Depok",4500000000,3,200,300
"Cinere, Depok",2900000000,4,120,126
Depok,600000000,2,39,82
"Sawangan, Depok",540000000,2,40,60
"Cipayung Jaya, Depok",198790000,2,25,40
"Cinere, Depok",7500000000,6,338,450
"Gandul, Depok",4700000000,3,235,218
"Pengasinan, Depok",775000000,3,60,60
"Mekarsari, Depok",890000000,3,71,70
"Bedahan, Depok",540000000,2,40,60
"Sawangan, Depok",540000000,2,40,60
Depok,1800000000,6,190,291
"Sawangan, Depok",540000000,2,40,60
"Cimanggis, Depok",968000000,3,80,51
"Kalibaru, Depok",599000000,3,50,40
"Harjamukti, Depok",3750000000,4,234,330
"Cilodong, Depok",1300000000,3,110,84
"Sawangan, Depok",1800000000,5,180,244
"Bojongsari, Depok",1700000000,3,110,98
"Pancoran Mas, Depok",667000000,2,50,50
"Sawangan, Depok",1500000000,3,75,84
"Sawangan, Depok",1450000000,3,75,84
"Sawangan, Depok",1450000000,3,75,84
"Tanah Baru, Depok",999000000,3,90,55
"Tapos, Depok",820000000,3,72,60
"Depok, Depok",474550000,2,74,101
"Sawangan, Depok",2200000000,4,98,110
Depok,370000000,2,50,70
"Cilodong, Depok",850000000,3,84,63
"Cimanggis, Depok",775000000,3,70,41
Depok,2300000000,3,109,112
"Sawangan, Depok",540000000,2,40,60
Depok,1100000000,3,100,96
"Bojongsari, Depok",460000000,2,40,66
"Cipayung, Depok",1580000000,3,150,105
"Sawangan, Depok",875000000,3,85,72
"Tapos, Depok",700000000,2,40,91
"Sawangan, Depok",1820000000,4,150,90
"Citayam, Depok",810000000,2,36,136
"Cimanggis, Depok",630000000,2,56,52
"Cimanggis, Depok",630000000,2,56,52
"Beji, Depok",4500000000,3,300,618
"Sawangan, Depok",813000000,3,70,76
"Sawangan, Depok",755000000,3,60,60
"Bojongsari, Depok",950000000,2,90,120
"Depok, Depok",1300000000,3,75,90
"Bojongsari, Depok",815260000,3,72,66
"Sawangan, Depok",572000000,2,47,72
"Sukmajaya, Depok",1070000000,4,90,75
"Tapos, Depok",750000000,2,54,90
"Sawangan, Depok",1700000000,4,240,130
"Ratujaya, Depok",421190000,2,40,62
"Cimanggis, Depok",1250000000,3,90,100
"Sawangan, Depok",950000000,3,75,90
Depok,700000000,3,60,77
"Tapos, Depok",896000000,3,74,54
"Tapos, Depok",485000000,3,60,40
"Pancoran Mas, Depok",875000000,3,100,72
"Cimanggis, Depok",1055000000,2,60,90
"Cilodong, Depok",1000000000,3,104,80
"Cilodong, Depok",500000000,2,45,42
"Sawangan, Depok",715000000,3,60,50
"Sawangan, Depok",755000000,3,75,53
"Tapos, Depok",1300000000,4,120,128
"Sawangan, Depok",700000000,3,110,80
"Sawangan, Depok",1380000000,3,75,150
"Sawangan, Depok",970000000,2,60,97
"Cisalak, Depok",810000000,4,90,60
Depok,700000000,3,60,77
"Sawangan, Depok",1700000000,4,240,130
"Sukmajaya, Depok",1070000000,4,90,75
"Tapos, Depok",750000000,2,54,90
"Sawangan, Depok",950000000,3,75,90
"Cimanggis, Depok",1250000000,3,90,100
"Bojongsari, Depok",460000000,2,40,66
"Cipayung, Depok",1580000000,3,150,105
Depok,1100000000,3,100,96
"Sawangan, Depok",572000000,2,47,72
"Bojongsari, Depok",385000000,2,55,84
"Bojongsari, Depok",815260000,3,72,66
"Cipayung, Depok",910000000,3,91,74
"Sawangan, Depok",1000000000,3,105,97
"Cilodong, Depok",865000000,3,75,65
"Sukatani, Depok",1000000000,4,148,148
"Sawangan, Depok",785000000,3,60,62
"Sawangan, Depok",500000000,2,45,72
"Sukmajaya, Depok",280000000,2,42,42
"Serua, Depok",946800000,2,52,66
"Sawangan, Depok",1072800000,3,69,120
"Rangkapan Jaya, Depok",900000000,3,68,60
"Cisalak, Depok",810000000,4,90,60
"Sawangan, Depok",970000000,2,60,97
"Citayam, Depok",540000000,2,36,90
"Margonda, Depok",3000000000,4,101,232
"Cilodong, Depok",6150000000,3,75,53
"Margonda, Depok",1070000000,4,90,75
"Sawangan, Depok",1610000000,3,200,135
"Cimanggis, Depok",890000000,2,70,98
"Cimanggis, Depok",750000000,3,50,60
"Cinere, Depok",4300000000,5,255,225
"Cimanggis, Depok",2250000000,3,138,120
"Cinere, Depok",3500000000,5,400,240
"Pancoran Mas, Depok",900000000,6,200,130
"Sawangan, Depok",998000000,2,65,150
"Cinere, Depok",3250000000,3,300,225
"Cipayung, Depok",335000000,2,32,55
Depok,525000000,3,100,120
"Sawangan, Depok",595000000,2,42,84
"Cilodong, Depok",1100000000,2,60,72
"Sukmajaya, Depok",1400000000,4,150,220
"Citayam, Depok",329000000,2,60,84
"Tapos, Depok",525000000,2,39,72
"Cilodong, Depok",634642000,2,40,77
"Kemiri Muka, Depok",525000000,2,50,63
"Citayam, Depok",460000000,3,55,68
"Cilodong, Depok",677000000,2,36,78
Depok,901000000,2,56,74
"Depok, Depok",625000000,2,44,60
"Cilodong, Depok",1400000000,4,105,144
"Margonda, Depok",1720000000,5,200,127
"Bojongsari, Depok",540000000,2,36,72
"Kalimulya, Depok",1150000000,3,90,71
"Cipayung, Depok",980000000,3,75,50
"Cimanggis, Depok",890000000,3,81,50
"Cinere, Depok",1500000000,2,60,75
"Cimanggis, Depok",970000000,3,86,75
"Cimanggis, Depok",750000000,2,65,45
Depok,162000000,2,27,60
"Pengasinan, Depok",680000000,3,66,55
"Margonda, Depok",800000000,3,70,78
"Depok, Depok",4200000000,5,247,250
"Beji, Depok",990000000,3,108,64
"Rangkapan Jaya Baru, Depok",1200000000,3,90,100
"Pangkalan Jati, Depok",1450000000,3,90,60
"Sawangan, Depok",400000000,2,45,60
"Bojongsari, Depok",375000000,2,40,60
"Sawangan, Depok",588000000,2,58,55
"Bojongsari, Depok",375000000,2,40,60
"Jatimulya, Depok",676000000,2,40,68
"Kalibaru, Depok",735000000,2,49,74
"Sawangan, Depok",449000000,2,30,60
"Cinere, Depok",8000000000,10,300,599
"Depok, Depok",335000000,2,32,55
"Harjamukti, Depok",3500000000,4,234,330
"Jatimulya, Depok",676000000,2,40,68
"Jatimulya, Depok",480000000,2,45,72
"Cilodong, Depok",672000000,2,38,60
"Cilodong, Depok",795000000,3,60,63
"Sawangan, Depok",495000000,2,36,72
"Limo, Depok",980000000,3,100,80
"Bojongsari, Depok",540000000,2,60,86
"Cipayung Jaya, Depok",810000000,3,65,89
"Sawangan, Depok",660000000,2,50,82
"Bojongsari, Depok",851500000,3,140,131
"Rangkapan Jaya Baru, Depok",1220000000,3,62,73
"Sukmajaya, Depok",899000000,2,45,90
"Jatimulya, Depok",1490000000,4,100,90
"Sukmajaya, Depok",1500000000,2,36,171
"Sukmajaya, Depok",1500000000,2,36,172
"Cimanggis, Depok",899100000,3,61,50
"Cimanggis, Depok",945000000,3,80,40
"Sawangan, Depok",910000000,3,150,126
"Kalimulya, Depok",910000000,2,84,114
"Cinere, Depok",2066000000,3,130,87
"Beji, Depok",995000000,3,108,62
"Beji, Depok",1585000000,3,130,72
"Sawangan, Depok",984000000,3,125,72
"Beji, Depok",850000000,2,65,60
"Pancoran Mas, Depok",775000000,3,70,72
"Limo, Depok",750000000,2,65,80
Depok,715000000,2,56,75
"Pancoran Mas, Depok",1115000000,3,95,60
"Tanah Baru, Depok",1295000000,3,120,84
Depok,540000000,2,40,60
"Kukusan, Depok",1250000000,3,85,66
"Pondok Cina, Depok",1100000000,3,80,96
"Cilodong, Depok",806000000,3,56,62
"Tanah Baru, Depok",850000000,2,50,80
"Cimanggis, Depok",2074000000,3,117,143
"Citayam, Depok",390000000,2,36,60
"Cinere, Depok",2300000000,4,130,90
Depok,900000000,3,84,63
"Cilodong, Depok",225000000,1,1,101
"Cimanggis, Depok",1000000000,3,69,60
"Mekarsari, Depok",500000000,2,40,70
"Jatimulya, Depok",785000000,3,60,60
"Sawangan, Depok",1900000000,3,88,144
"Margonda, Depok",1350000000,3,105,95
"Cinere, Depok",2200000000,4,140,70
"Margonda, Depok",500000000,2,100,100
"Tapos, Depok",700000000,3,61,66
"Cilodong, Depok",588000000,2,42,44
"Sawangan, Depok",715000000,2,70,65
"Jatimulya, Depok",676000000,2,40,68
"Kalimulya, Depok",680000000,2,45,75
"Sawangan Baru, Depok",345000000,2,36,54
"Sawangan, Depok",529000000,2,36,63
"Cinangka, Depok",1050000000,3,100,112
"Cinere, Depok",2700000000,5,340,154
"Sawangan Baru, Depok",350000000,2,36,60
"Bojongsari, Depok",483200000,2,36,86
"Cimanggis, Depok",871350000,3,61,45
"Depok, Depok",1000000000,3,63,60
"Sawangan, Depok",549000000,2,42,60
"Margonda, Depok",699000000,3,80,97
"Sawangan, Depok",1440000000,3,90,152
"Cilodong, Depok",790000000,3,60,63
"Tapos, Depok",930000000,2,64,105
"Bojongsari, Depok",1240000000,2,80,112
"Bojongsari, Depok",851500000,3,131,140
"Bojongsari, Depok",650000000,2,46,52
"Cinere, Depok",3500000000,6,110,375
"Cinere, Depok",1200000000,2,85,78
"Depok Jaya, Depok",985000000,3,80,50
"Sawangan, Depok",670000000,2,68,84
"Beji, Depok",1596000000,3,130,72
"Beji, Depok",1600000000,3,130,71
"Limo, Depok",1450000000,4,110,86
"Citayam, Depok",300000000,2,40,70
"Cimanggis, Depok",700000000,3,60,98
"Beji, Depok",1750000000,4,170,119
"Margonda, Depok",5500000000,3,279,240
"Tapos, Depok",850000000,3,25,50
"Beji, Depok",1350000000,4,145,195
"Depok, Depok",3000000000,3,400,250
"Jatimulya, Depok",627000000,2,40,61
"Krukut, Depok",650000000,3,110,62
"Kalimulya, Depok",830000000,3,70,64
"Beji, Depok",750000000,2,36,72
"Cilodong, Depok",599000000,3,50,40
"Cinere, Depok",3100000000,3,270,288
"Cipayung, Depok",450000000,2,30,60
"Tanah Baru, Depok",1400000000,4,100,85
"Cinere, Depok",17500000000,6,430,1234
"Bojongsari, Depok",345000000,2,36,54
"Bojongsari, Depok",345000000,2,40,60
Depok,350000000,2,45,70
"Limo, Depok",580000000,3,50,75
"Bedahan, Depok",790000000,3,78,74
"Cilodong, Depok",672000000,2,38,60
"Sawangan, Depok",540000000,2,40,60
"Sawangan, Depok",695000000,2,45,98
"Cilodong, Depok",677000000,3,45,62
"Cinere, Depok",2000000000,4,158,120
"Pancoran Mas, Depok",660000000,2,45,80
"Pancoran Mas, Depok",2040000000,3,115,150
"Tapos, Depok",1340000000,3,120,129
"Sukmajaya, Depok",899000000,2,45,90
"Tapos, Depok",1346500000,3,104,164
"Cilodong, Depok",699000000,2,40,88
"Citayam, Depok",1080000000,3,84,84
"Sawangan, Depok",660000000,2,50,82
"Pancoran Mas, Depok",600000000,1,84,42
"Harjamukti, Depok",890000000,3,76,80
"Beji, Depok",500000000,2,45,50
"Tugu, Depok",990000000,2,85,110
"Limo, Depok",475000000,3,50,55
"Bojongsari, Depok",910000000,3,126,150
"Bojongsari, Depok",910000000,3,150,126
"Kalimulya, Depok",800000000,3,60,90
"Cinere, Depok",5500000000,4,404,700
"Curug, Depok",1495000000,4,150,116
"Sawangan, Depok",680000000,3,66,55
"Cinere, Depok",1500000000,2,90,100
"Rangkapan Jaya Baru, Depok",979000000,3,115,76
"Pancoran Mas, Depok",979000000,3,115,76
"Beji, Depok",1475000000,3,130,72
"Beji, Depok",1600000000,4,120,98
"Pancoran Mas, Depok",699000000,2,50,78
"Krukut, Depok",1935000000,4,155,92
"Pancoran Mas, Depok",860000000,3,80,52
"Limo, Depok",550000000,2,36,66
"Tanah Baru, Depok",1310000000,3,132,77
"Rangkapan Jaya, Depok",822000000,3,72,74
"Pancoran Mas, Depok",1150000000,3,100,72
"Beji, Depok",1150000000,3,72,57
"Tanah Baru, Depok",1310000000,3,122,82
"Cinere, Depok",5950000000,7,270,450
"Tanah Baru, Depok",1300000000,4,130,105
"Beji, Depok",1310000000,3,122,72
"Cinangka, Depok",13990000000,3,1000,2057
"Kalibaru, Depok",865150000,3,70,72
"Pondok Petir, Depok",1323000000,3,84,84
"Bojongsari, Depok",375000000,2,40,60
"Bojongsari, Depok",535000000,2,50,77
"Sukmajaya, Depok",934000000,3,65,60
"Cinere, Depok",5500000000,3,147,280
"Tanah Baru, Depok",1600000000,4,150,116
"Sawangan Baru, Depok",1300000000,3,174,312
"Sawangan, Depok",610000000,2,45,72
"Bojongsari, Depok",668000000,2,44,60
"Jatimulya, Depok",740000000,2,70,84
"Krukut, Depok",1660000000,3,89,105
"Cinangka, Depok",1170000000,3,90,100
"Sukatani, Depok",1020000000,3,140,120
"Jatimulya, Depok",634000000,2,40,62
"Cilodong, Depok",719000000,2,46,71
"Kalibaru, Depok",647000000,2,46,62
"Sawangan, Depok",1790000000,4,290,150
"Tapos, Depok",1800000000,3,165,540
"Cinere, Depok",2700000000,3,180,240
"Cimanggis, Depok",938000000,3,82,44
Depok,900000000,3,76,50
"Citayam, Depok",418000000,2,36,62
"Cilodong, Depok",685000000,2,52,41
"Limo, Depok",555000000,2,36,59
"Pancoran Mas, Depok",1300000000,3,70,193
"Sawangan, Depok",750000000,2,50,85
"Cimanggis, Depok",904650000,3,51,61
"Depok, Depok",1200000000,3,100,83
"Cipayung, Depok",365000000,3,55,50
"Cimanggis, Depok",1400000000,2,45,70
"Cinangka, Depok",636000000,2,48,96
"Cilodong, Depok",495000000,2,36,72
Depok,1400000000,3,120,118
"Sawangan, Depok",484000000,3,50,50
"Citayam, Depok",365000000,3,55,50
"Beji, Depok",1100000000,3,108,62
"Beji, Depok",1595000000,3,130,71
"Jatimulya, Depok",910000000,3,68,65
"Kalimulya, Depok",650000000,2,45,72
"Kalibaru, Depok",895000000,3,70,70
Depok,495000000,2,42,40
"Kukusan, Depok",1195000000,3,85,66
"Beji, Depok",1100000000,3,108,62
"Beji, Depok",1595000000,3,130,71
"Pancoran Mas, Depok",1450000000,4,140,95
"Beji, Depok",1295000000,3,115,84
"Pancoran Mas, Depok",750000000,2,50,88
"Pancoran Mas, Depok",895000000,3,80,58
"Cinere, Depok",5750000000,7,270,450
"Pancoran Mas, Depok",850000000,3,70,83
"Grogol, Depok",550000000,2,36,60
"Sawangan, Depok",630000000,2,52,72
"Sawangan, Depok",1300000000,3,71,74
"Cinere, Depok",4900000000,4,200,250
"Depok, Depok",1500000000,2,89,85
"Cinangka, Depok",1300000000,3,70,106
"Tapos, Depok",1700000000,4,120,112
"Cipayung, Depok",495000000,2,38,66
"Sawangan, Depok",860000000,3,70,72
"Cilodong, Depok",775000000,2,50,73
"Pangkalan Jati, Depok",3500000000,17,500,259
"Tanah Baru, Depok",1125000000,2,50,90
"Serua, Depok",1080000000,2,43,130
"Bojongsari, Depok",1275000000,3,75,124
"Sawangan, Depok",660000000,2,50,82
"Cilangkap, Depok",880000000,2,42,90
"Sukatani, Depok",1110000000,3,90,135
"Jatimulya, Depok",660000000,2,72,72
"Cinere, Depok",4500000000,4,300,700
"Cinere, Depok",1526000000,3,75,65
"Pancoran Mas, Depok",585000000,3,70,50
"Pondok Petir, Depok",1247500000,3,75,84
"Pengasinan, Depok",450000000,2,60,90
"Kalibaru, Depok",525000000,2,55,72
"Margonda, Depok",495000000,2,38,65
"Sukmajaya, Depok",2320000000,10,240,82
"Tapos, Depok",1150000000,5,180,90
"Cilodong, Depok",765000000,3,56,60
"Cipayung, Depok",492000000,2,36,72
Depok,405000000,2,36,60
"Sawangan, Depok",365000000,2,36,72
"Sawangan, Depok",380000000,2,42,27
"Tanah Baru, Depok",990000000,3,105,63
"Cimanggis, Depok",1000000000,3,128,128
Depok,175000000,2,30,40
"Tirtajaya, Depok",1400000000,3,70,150
"Cilodong, Depok",514000000,2,50,114
"Cilangkap, Depok",555000000,2,46,40
"Rangkapan Jaya, Depok",555000000,2,36,59
"Cilodong, Depok",588000000,2,42,44
"Pancoran Mas, Depok",385000000,2,36,60
"Cimanggis, Depok",790000000,3,72,60
"Cimanggis, Depok",790000000,3,72,60
"Pancoran Mas, Depok",790000000,3,72,60
"Sawangan, Depok",610000000,2,41,72
"Sawangan, Depok",610000000,2,41,75
"Sawangan, Depok",1140000000,2,70,110
Depok,500000000,2,45,72
"Cimanggis, Depok",890000000,2,54,90
"Sawangan, Depok",248000000,2,45,60
"Pancoran Mas, Depok",2500000000,5,200,155
"Cinere, Depok",650000000,4,150,169
"Cimanggis, Depok",2500000000,4,265,300
"Cinere, Depok",1450000000,2,90,119
"Bojongsari, Depok",450000000,2,65,110
"Sukmajaya, Depok",1070000000,2,47,110
"Cipayung, Depok",350000000,2,36,42
"Cilodong, Depok",600000000,2,43,72
"Limo, Depok",2200000000,3,150,120
"Citayam, Depok",450600000,2,40,66
"Cinere, Depok",780000000,3,70,60
"Depok Jaya, Depok",890000000,3,70,85
Depok,1900000000,3,105,90
"Pancoran Mas, Depok",426500000,2,40,65
"Limo, Depok",1640000000,5,95,84
"Tapos, Depok",1190000000,4,120,129
"Sawangan, Depok",1560000000,3,90,109
"Citayam, Depok",245000000,2,40,50
"Beji, Depok",762600000,2,58,46
"Beji, Depok",1250000000,3,120,64
"Tapos, Depok",890000000,2,54,90
"Sawangan, Depok",1000000000,3,121,120
"Sawangan, Depok",520000000,2,40,60
"Margonda, Depok",928000000,3,97,80
"Cilodong, Depok",975000000,3,150,77
"Tapos, Depok",1000000000,3,100,60
"Beji, Depok",1000000000,3,100,60
"Depok, Depok",540000000,2,45,85
"Pancoran Mas, Depok",960000000,3,85,54
"Tapos, Depok",1000000000,3,100,60
"Beji, Depok",1000000000,3,100,60
"Cipayung, Depok",1000000000,3,100,60
"Cipayung, Depok",265000000,2,21,50
"Cinere, Depok",5500000000,4,163,665
"Harjamukti, Depok",5320000000,5,590,500
"Cimanggis, Depok",2200000000,3,157,163
"Harjamukti, Depok",520000000,2,40,53
"Citayam, Depok",1000000000,3,85,127
"Sawangan, Depok",630000000,2,36,61
"Kukusan, Depok",1389000000,3,80,72
"Sawangan, Depok",2788000000,4,124,134
"Beji, Depok",2200000000,2,180,248
"Sawangan, Depok",1380000000,3,75,150
"Margonda, Depok",928000000,3,97,80
"Cilodong, Depok",975000000,3,150,77
Depok,2500000000,3,115,120
"Bojongsari, Depok",799000000,2,90,108
"Tugu, Depok",600000000,2,92,92
"Cinere, Depok",3200000000,4,230,180
"Gandul, Depok",13000000000,6,700,956
"Cipayung, Depok",265000000,2,21,50
"Cinere, Depok",5500000000,4,163,665
"Kukusan, Depok",1389000000,3,80,72
"Beji, Depok",2200000000,2,180,248
"Sawangan, Depok",2788000000,4,124,134
"Citayam, Depok",1000000000,3,85,127
"Sawangan, Depok",630000000,2,36,61
Depok,890000000,2,54,90
"Beji, Depok",1625000000,3,140,96
"Harjamukti, Depok",900000000,3,82,44
"Tapos, Depok",900000000,3,140,150
"Tapos, Depok",420000000,2,70,58
"Bojongsari, Depok",535000000,2,40,77
"Depok, Depok",1000000000,3,120,72
"Cilodong, Depok",650000000,2,38,60
"Sawangan, Depok",678000000,3,72,53
"Cilodong, Depok",600000000,4,60,70
"Sawangan, Depok",3800000000,4,235,200
"Cimanggis, Depok",820000000,3,81,59
"Jatimulya, Depok",925000000,3,75,65
"Tapos, Depok",1100000000,3,100,60
"Kelapa Dua, Depok",799000000,3,68,66
"Kelapa Dua, Depok",790000000,3,68,66
"Sawangan, Depok",390000000,2,42,60
"Serua, Depok",2200000000,4,200,291
"Citayam, Depok",250000000,2,40,50
"Citayam, Depok",245000000,2,40,50
"Beji, Depok",1250000000,3,120,64
"Beji, Depok",762600000,2,58,46
"Bojongsari, Depok",450000000,2,65,110
Depok,1900000000,3,105,90
"Cinere, Depok",1935000000,4,155,90
"Tapos, Depok",456000000,2,46,40
"Tapos, Depok",776000000,3,60,50
"Cilodong, Depok",647000000,2,84,40
"Tapos, Depok",1000000000,3,100,60
"Cinere, Depok",5500000000,8,350,300
Depok,900000000,3,62,50
"Cimanggis, Depok",880000000,3,81,83
"Cimanggis, Depok",4900000000,4,330,250
"Tapos, Depok",2500000000,3,180,180
"Cimanggis, Depok",2500000000,4,280,200
Depok,12500000000,6,450,720
"Tapos, Depok",905000000,3,60,90
"Tapos, Depok",3500000000,11,1000,658
"Tapos, Depok",925000000,4,90,98
"Beji, Depok",1500000000,4,110,84
"Beji, Depok",990000000,3,96,50
"Cilodong, Depok",599000000,3,50,40
"Sawangan, Depok",700000000,2,75,90
"Sukmajaya, Depok",900000000,3,75,73
"Cimanggis, Depok",1500000000,3,58,80
"Limo, Depok",1500000000,2,60,75
"Depok, Depok",380000000,3,32,60
"Sawangan, Depok",1350000000,4,95,120
"Tapos, Depok",900000000,3,140,150
"Depok, Depok",1000000000,3,120,72
"Cilodong, Depok",600000000,4,60,70
"Sawangan, Depok",678000000,3,72,53
"Sawangan, Depok",3800000000,4,235,200
"Harjamukti, Depok",900000000,3,82,44
"Cilodong, Depok",650000000,2,38,60
"Tapos, Depok",420000000,2,70,58
"Bojongsari, Depok",535000000,2,40,77
"Beji, Depok",1625000000,3,140,96
"Cinere, Depok",400000000,2,45,65
"Pancoran Mas, Depok",675000000,3,120,91
"Margonda, Depok",190000000,2,40,53
"Sawangan, Depok",610000000,2,45,72
"Cinere, Depok",1599000000,3,210,106
"Sawangan Baru, Depok",900000000,2,47,72
Depok,957000000,2,70,64
"Cipayung, Depok",790000000,3,72,60
"Tanah Baru, Depok",1600000000,3,140,90
"Cinangka, Depok",1228200000,3,70,102
"Tapos, Depok",1290000000,3,80,105
"Tapos, Depok",1765500000,3,150,134
"Pancoran Mas, Depok",775750000,2,60,95
"Harjamukti, Depok",2100000000,4,136,125
"Kelapa Dua, Depok",7800000000,80,1500,1450
"Citayam, Depok",416000000,2,40,65
"Citayam, Depok",440000000,2,40,71
"Cisalak, Depok",1300000000,3,90,48
"Pancoran Mas, Depok",2500000000,5,200,155
"Cinere, Depok",5300000000,4,340,423
"Cimanggis, Depok",920000000,2,51,92
"Kelapa Dua, Depok",820000000,3,81,59
"Cimanggis, Depok",920000000,2,54,90
"Sawangan, Depok",2300000000,4,205,204
"Cinere, Depok",3100000000,3,264,168
"Cimanggis, Depok",820000000,3,81,59
"Cimanggis, Depok",820000000,3,81,59
"Sawangan, Depok",572000000,2,47,72
"Sawangan, Depok",572000000,2,47,72
"Depok, Depok",2000000000,3,245,300
"Limo, Depok",4070000000,3,600,400
"Mampang, Depok",1003312000,2,64,50
"Pancoran Mas, Depok",985000000,3,85,68
"Cinere, Depok",13000000000,4,700,1479
"Cimanggis, Depok",1100000000,3,80,60
"Cilodong, Depok",820000000,3,63,63
"Cinangka, Depok",760000000,2,58,70
"Sukamaju, Depok",685000000,3,59,60
"Beji, Depok",1100000000,3,100,60
"Cipayung, Depok",210000000,2,45,58
"Cimanggis, Depok",799000000,3,74,66
"Jatimulya, Depok",1100000000,3,100,72
"Kalimulya, Depok",1100000000,3,110,94
"Cipayung, Depok",250000000,2,40,50
"Cinere, Depok",5300000000,4,350,795
"Tapos, Depok",500000000,2,30,50
"Tapos, Depok",1000000000,3,100,60
"Sawangan, Depok",900000000,3,78,65
"Sawangan, Depok",1215000000,3,110,95
"Cilodong, Depok",400000000,2,42,41
"Cinere, Depok",3100000000,3,264,168
"Sawangan, Depok",2300000000,4,205,204
"Cimanggis, Depok",820000000,3,81,59
"Cimanggis, Depok",820000000,3,81,59
"Sawangan, Depok",572000000,2,47,72
"Citayam, Depok",416000000,2,40,65
"Harjamukti, Depok",2100000000,4,136,125
"Citayam, Depok",440000000,2,40,71
"Cinere, Depok",5300000000,4,340,423
"Pancoran Mas, Depok",2500000000,5,200,155
"Cisalak, Depok",1300000000,3,90,48
"Jatimulya, Depok",1100000000,3,100,72
"Kalimulya, Depok",1100000000,3,110,94
"Cimanggis, Depok",799000000,3,74,66
"Tapos, Depok",1000000000,3,100,60
"Cipayung, Depok",250000000,2,40,55
"Beji, Depok",1100000000,3,100,60
"Cimanggis, Depok",650000000,1,96,160
"Depok, Depok",1490000000,4,100,90
"Cipayung, Depok",210000000,2,45,58
"Pasir Putih, Depok",255000000,2,40,60
"Cilodong, Depok",810000000,3,70,60
"Beji, Depok",1750000000,4,160,77
"Cinere, Depok",10500000000,8,504,1005
"Tapos, Depok",700000000,2,100,100
"Cinere, Depok",550000000,3,60,60
"Bojongsari, Depok",594000000,2,30,60
"Tapos, Depok",1610000000,3,91,96
"Sawangan, Depok",695000000,3,74,54
"Sawangan, Depok",400000000,2,49,46
"Cilodong, Depok",765000000,3,59,60
"Cimanggis, Depok",600000000,3,50,60
"Kalimulya, Depok",650000000,2,45,67
"Cinere, Depok",4900000000,2,160,300
"Tanah Baru, Depok",2300000000,3,84,84
"Cinere, Depok",17500000000,6,940,800
Depok,950000000,2,298,298
"Cilodong, Depok",629000000,3,50,60
"Ratujaya, Depok",370000000,2,30,50
"Cilodong, Depok",400000000,2,42,41
"Cinere, Depok",3000000000,4,292,200
"Cimanggis, Depok",1000000000,3,100,60
"Sawangan, Depok",1215000000,3,110,95
"Kukusan, Depok",5850000000,25,850,302
"Cimanggis, Depok",1325000000,4,105,85
"Cimanggis, Depok",900000000,3,82,44
"Harjamukti, Depok",1400000000,3,100,82
"Sawangan, Depok",3500000000,5,500,1000
Depok,1400000000,3,67,60
"Cimanggis, Depok",4500000000,8,200,259
"Sawangan, Depok",600000000,1,27,60
"Depok, Depok",475000000,2,36,84
"Cimanggis, Depok",776000000,3,60,50
"Tapos, Depok",8500000000,6,507,1596
"Sawangan, Depok",2700000000,6,185,416
"Tapos, Depok",2900000000,4,175,225
"Cimanggis, Depok",5500000000,6,520,584
"Cilodong, Depok",885000000,3,60,84
"Tapos, Depok",850000000,2,90,90
"Cimanggis, Depok",800000000,2,40,60
"Cimanggis, Depok",1000000000,3,63,60
"Cimanggis, Depok",1200000000,2,56,64
"Cimanggis, Depok",2000000000,2,89,85
"Tapos, Depok",3800000000,4,300,200
"Kukusan, Depok",4740000000,10,400,178
"Kukusan, Depok",1918000000,6,164,82
"Cipayung, Depok",350000000,2,32,55
"Harjamukti, Depok",8500000000,3,450,320
"Cimanggis, Depok",2135000000,3,90,153
"Cinere, Depok",1700000000,3,88,71
"Cinere, Depok",8500000000,6,400,650
"Beji, Depok",1374200000,3,75,73
"Sawangan, Depok",415000000,2,45,77
"Sawangan Baru, Depok",625000000,2,50,70
"Sawangan Baru, Depok",693000000,2,42,105
"Pengasinan, Depok",390000000,2,45,70
"Bojongsari, Depok",2100000000,7,200,600
"Tapos, Depok",1400000000,4,105,144
"Sawangan, Depok",750000000,2,50,84
"Kalimulya, Depok",810000000,3,70,60
"Sawangan, Depok",300000000,2,70,150
"Cinere, Depok",2131000000,4,130,86
"Cimanggis, Depok",800000000,2,140,105
"Harjamukti, Depok",578000000,2,42,38
"Cipayung, Depok",385000000,3,36,60
"Pondok Cina, Depok",320000000,2,36,55
"Cimanggis, Depok",600000000,2,60,112
"Cipayung Jaya, Depok",750000000,2,65,82
"Cimanggis, Depok",2100000000,9,270,258
"Pancoran Mas, Depok",550000000,3,55,72
"Sawangan, Depok",275000000,2,46,55
"Depok, Depok",1300000000,4,180,120
"Cipayung, Depok",12000000000,5,640,913
"Cimanggis, Depok",2300000000,4,170,155
"Leuwi Nanggung, Depok",3000000000,4,300,350
"Citayam, Depok",610000000,2,41,72
"Cinere, Depok",2500000000,4,250,233
"Cinere, Depok",920880000,2,64,50
"Cinere, Depok",6500000000,7,700,623
"Cilodong, Depok",1820000000,2,45,107
"Cinere, Depok",2247000000,3,101,105
"Cinere, Depok",2920000000,3,185,144
"Kelapa Dua, Depok",1393200000,3,107,86
"Harjamukti, Depok",1350000000,3,95,78
"Bojongsari, Depok",680000000,2,80,108
"Citayam, Depok",550000000,3,60,60
"Cimanggis, Depok",700000000,3,67,53
"Cimanggis, Depok",920000000,3,70,84
"Cimanggis, Depok",1850000000,3,100,116
"Sawangan, Depok",950000000,3,110,120
"Kelapa Dua, Depok",820000000,3,81,59
"Cinere, Depok",1850000000,3,180,108
"Sawangan, Depok",235000000,2,36,50
"Sawangan, Depok",859000000,2,90,108
"Cimanggis, Depok",2600000000,6,317,300
"Pancoran Mas, Depok",715000000,2,36,54
"Pangkalan Jati, Depok",4650000000,4,232,480
"Cimanggis, Depok",645000000,2,42,62
"Bedahan, Depok",390000000,2,36,60
"Citayam, Depok",365000000,2,40,68
"Sawangan, Depok",572000000,2,47,72
"Cipayung, Depok",270000000,2,45,55
"Cinere, Depok",2000000000,4,130,107
"Sawangan, Depok",580000000,2,45,71
"Cipayung, Depok",1000000000,3,100,60
"Cilodong, Depok",650000000,2,48,90
"Tapos, Depok",880000000,2,42,90
"Pancoran Mas, Depok",1220000000,3,62,73
"Cipayung, Depok",255000000,2,40,50
"Cilodong, Depok",1200000000,3,75,85
"Pancoran Mas, Depok",1220000000,3,62,73
"Cipayung, Depok",255000000,2,40,50
"Sawangan, Depok",580000000,2,45,71
"Sawangan, Depok",1100000000,4,101,77
"Cilodong, Depok",650000000,2,48,90
"Cipayung, Depok",660000000,3,90,60
Depok,2100000000,3,100,275
"Cimanggis, Depok",1850000000,3,100,116
Depok,350000000,1,72,90
"Cilodong, Depok",880000000,3,65,77
"Cipayung, Depok",1000000000,3,100,60
"Cilodong, Depok",1200000000,3,75,85
Depok,739000000,2,40,69
"Harjamukti, Depok",1442000000,3,88,67
"Tapos, Depok",830000000,2,30,90
"Harjamukti, Depok",1719000000,4,100,77
"Cimanggis, Depok",835000000,3,80,62
"Beji, Depok",826000000,3,61,60
Depok,1610000000,3,70,112
"Harjamukti, Depok",2060000000,3,72,150
"Tapos, Depok",880000000,2,42,90
"Beji, Depok",1125000000,2,50,90
"Sawangan, Depok",1560000000,3,90,109
"Cinere, Depok",12500000000,6,578,875
Depok,23000000000,5,810,1772
"Cinere, Depok",2300000000,4,155,120
"Cipayung, Depok",550000000,2,36,60
"Limo, Depok",560000000,2,45,62
"Depok, Depok",1450000000,5,150,112
"Pengasinan, Depok",450000000,2,46,60
"Sawangan, Depok",498000000,2,45,72
"Sawangan, Depok",723000000,3,74,54
"Sawangan, Depok",723000000,3,55,54
"Sawangan, Depok",1288000000,3,90,91
"Cimanggis, Depok",1215000000,3,100,54
"Krukut, Depok",1700000000,4,120,156
"Cimanggis, Depok",1000000000,3,100,60
"Cimanggis, Depok",3500000000,4,269,179
"Cimanggis, Depok",3500000000,9,230,536
"Tapos, Depok",1890000000,3,112,112
"Tapos, Depok",800000000,2,40,60
"Cilangkap, Depok",534500000,2,36,72
"Cilodong, Depok",657000000,2,38,60
"Sawangan, Depok",700000000,2,42,56
"Cimanggis, Depok",1400000000,3,100,82
"Sawangan, Depok",497620000,2,42,40
"Sawangan, Depok",1980000000,3,136,112
"Pancoran Mas, Depok",1507000000,3,80,156
"Cimanggis, Depok",985000000,4,80,50
"Beji, Depok",776000000,3,60,50
"Cipayung, Depok",407000000,2,36,60
"Beji, Depok",790000000,3,60,50
"Cilodong, Depok",999000000,3,62,84
"Sukmajaya, Depok",725000000,2,45,88
"Tapos, Depok",543000000,2,40,68
"Tapos, Depok",2360000000,4,100,120
"Tirtajaya, Depok",990000000,3,66,85
"Sawangan, Depok",1200000000,2,80,120
"Cilodong, Depok",900000000,3,62,84
"Bojongsari, Depok",813760000,3,72,62
"Sukmajaya, Depok",916000000,3,57,60
"Citayam, Depok",485000000,2,40,90
"Cimanggis, Depok",2955000000,3,128,119
"Sawangan Baru, Depok",620000000,2,60,80
"Sukatani, Depok",235000000,1,15,48
Depok,800000000,3,53,61
Depok,800000000,3,61,50
"Depok, Depok",1350000000,3,180,112
"Leuwi Nanggung, Depok",2600000000,3,165,540
"Sawangan, Depok",350000000,2,40,60
"Tapos, Depok",790000000,3,72,60
"Limo, Depok",1650000000,4,110,131
Depok,1700000000,3,108,92
"Sawangan, Depok",806000000,3,71,72
"Cimanggis, Depok",975000000,2,100,136
Depok,657000000,2,40,65
"Rangkapan Jaya, Depok",2000000000,5,200,155
"Sawangan, Depok",680000000,3,66,55
"Kukusan, Depok",999000000,3,72,75
"Tapos, Depok",1000000000,3,62,101
"Tapos, Depok",1000000000,3,62,101
"Sawangan, Depok",775750000,2,60,95
"Cipayung, Depok",775750000,2,60,95
"Bojongsari, Depok",456000000,2,39,70
"Sawangan, Depok",235000000,2,36,50
"Cinere, Depok",11500000000,4,638,593
"Bojongsari, Depok",2150000000,3,209,209
"Cimanggis, Depok",2200000000,4,160,200
"Depok, Depok",2700000000,3,102,112
"Cimanggis, Depok",1500000000,6,110,120
"Cilodong, Depok",955000000,3,90,82
"Tanah Baru, Depok",1700000000,4,140,91
Depok,5433750000,2,100,945
"Beji, Depok",1200000000,3,90,87
Depok,750000000,3,65,195
"Cinere, Depok",5500000000,6,230,540
"Kukusan, Depok",999000000,3,72,75
"Rangkapan Jaya, Depok",2000000000,5,200,155
"Tirtajaya, Depok",1215000000,3,80,97
"Cipayung, Depok",1000000000,3,100,60
"Beji, Depok",1000000000,3,100,60
"Pengasinan, Depok",560000000,2,45,72
"Beji, Depok",1067000000,3,75,70
"Rangkapan Jaya, Depok",715000000,2,36,60
"Cipayung, Depok",1000000000,3,100,60
"Citayam, Depok",235000000,2,36,50
"Kelapa Dua, Depok",799000000,3,68,66
"Kelapa Dua, Depok",799000000,3,66,68
"Beji, Depok",1000000000,3,100,60
"Pancoran Mas, Depok",667000000,2,50,50
"Cipayung, Depok",725000000,2,45,77
"Cipayung, Depok",725000000,2,45,75
"Depok, Depok",5600000000,4,322,300
"Sukmajaya, Depok",1100000000,3,90,120
"Sawangan, Depok",895000000,2,50,95
"Kukusan, Depok",1900000000,6,164,82
Depok,150000000,2,27,30
"Beji, Depok",1200000000,3,90,87
Depok,750000000,3,65,195
Depok,5433750000,2,100,945
"Beji, Depok",750000000,4,107,107
"Depok, Depok",725000000,2,45,77
Depok,1260000000,4,123,93
"Cinere, Depok",5500000000,6,230,540
"Bojongsari, Depok",1500000000,3,60,116
"Tapos, Depok",820000000,3,72,60
"Cinere, Depok",1250000000,3,105,123
"Cimanggis, Depok",875000000,2,30,90
Depok,920000000,2,54,90
"Beji, Depok",2350000000,3,180,118
"Cimanggis, Depok",775000000,3,66,68
"Cimanggis, Depok",775000000,3,68,66
Depok,1300000000,4,140,84
"Cimanggis, Depok",890000000,3,71,70
"Cilodong, Depok",955000000,3,90,82
"Limo, Depok",600000000,2,42,60
"Cinere, Depok",1890000000,3,155,87
"Cipayung, Depok",265000000,2,33,42
"Sawangan, Depok",425000000,2,40,56
"Cinere, Depok",1700000000,3,170,149
"Rangkapan Jaya, Depok",1350000000,3,154,87
"Rangkapan Jaya, Depok",715000000,2,36,60
"Sawangan, Depok",2350000000,5,215,160
"Kalimulya, Depok",550000000,2,36,90
"Harjamukti, Depok",1445000000,3,95,78
"Sawangan, Depok",572000000,2,47,72
"Beji, Depok",1067000000,3,75,70
"Pengasinan, Depok",560000000,2,45,72
"Bojongsari, Depok",745000000,3,80,70
"Tirtajaya, Depok",1215000000,3,80,97
"Tirtajaya, Depok",1100000000,3,100,71
"Harjamukti, Depok",1195000000,4,100,51
"Cimanggis, Depok",3200000000,4,270,180
"Depok, Depok",2950000000,4,293,276
"Sawangan, Depok",800000000,3,60,48
"Sawangan, Depok",600000000,2,38,78
"Serua, Depok",402000000,2,36,76
"Cimanggis, Depok",1100000000,3,100,60
"Limo, Depok",3500000000,4,150,165
"Cinere, Depok",10000000000,8,700,596
"Cimanggis, Depok",650000000,2,36,62
Depok,1500000000,5,192,96
"Cinere, Depok",11000000000,7,600,795
"Sukmajaya, Depok",750000000,3,50,112
"Cinere, Depok",6000000000,6,350,502
"Cinere, Depok",3500000000,4,200,300
"Pancoran Mas, Depok",667000000,2,50,50
"Cinere, Depok",2900000000,4,242,230
"Leuwi Nanggung, Depok",1000000000,3,107,93
"Depok, Depok",750000000,2,50,55
"Sawangan, Depok",496000000,3,57,42
"Bojongsari, Depok",350000000,2,40,60
"Sawangan, Depok",735000000,3,74,53
"Sawangan, Depok",678000000,3,74,53
"Sawangan, Depok",1780000000,3,110,98
"Sawangan, Depok",496000000,3,57,42
"Bojongsari, Depok",350000000,2,40,60
"Sawangan, Depok",678000000,3,74,53
"Sawangan, Depok",735000000,3,74,53
"Cilangkap, Depok",500000000,2,46,40
"Rangkapan Jaya, Depok",1350000000,5,130,96
"Depok Jaya, Depok",500000000,2,46,60
Depok,560000000,2,38,60
"Cimanggis, Depok",4000000000,4,300,176
"Sawangan, Depok",1780000000,3,110,98
"Cimanggis, Depok",1700000000,3,230,200
"Tapos, Depok",5000000000,4,360,250
"Cimanggis, Depok",2700000000,3,120,200
"Cilodong, Depok",1000000000,3,110,70
"Tapos, Depok",5500000000,3,322,300
"Mekarsari, Depok",500000000,2,42,70
"Leuwi Nanggung, Depok",1000000000,3,107,93
"Cinere, Depok",2900000000,4,242,230
"Depok, Depok",750000000,2,50,55
"Cinere, Depok",1750000000,3,100,100
"Depok, Depok",2000000000,5,140,90
"Margonda, Depok",1090000000,3,125,68
Depok,675000000,2,64,84
Depok,667000000,2,50,50
"Limo, Depok",2400000000,3,110,114
"Cinere, Depok",790000000,3,72,60
"Cipayung, Depok",790000000,3,72,60
"Cimanggis, Depok",790000000,3,72,60
"Beji, Depok",560000000,2,37,59
"Pengasinan, Depok",680000000,3,66,55
"Cinere, Depok",610000000,2,41,72
"Sukmajaya, Depok",300000000,4,85,85
"Limo, Depok",850000000,2,60,84
"Pancoran Mas, Depok",1020000000,2,40,84
"Cimanggis, Depok",910000000,3,100,150
"Cilodong, Depok",1100000000,3,100,180
"Cilodong, Depok",4200000000,4,400,180
"Citayam, Depok",175000000,2,45,45
"Beji, Depok",1049000000,3,80,55
"Rangkapan Jaya, Depok",788000000,3,70,72
"Cimanggis, Depok",810000000,3,60,50
"Pancoran Mas, Depok",650000000,3,50,50
"Citayam, Depok",436000000,2,40,70
"Citayam, Depok",499000000,2,40,67
"Sawangan Baru, Depok",1400000000,3,130,240
"Bojongsari, Depok",2100000000,4,250,125
"Depok, Depok",1500000000,4,73,72
"Kelapa Dua, Depok",820000000,3,81,59
"Depok, Depok",2700000000,8,300,658
"Cinere, Depok",2300000000,3,130,90
"Bojongsari, Depok",799000000,2,90,109
"Sawangan, Depok",675000000,2,50,70
"Cimanggis, Depok",820000000,3,81,59
"Beji, Depok",1150000000,3,75,60
"Bojongsari, Depok",610000000,2,41,72
"Pancoran Mas, Depok",1360000000,3,88,84
"Sawangan, Depok",208000000,2,36,42
"Sawangan, Depok",388200000,2,40,60
"Cinere, Depok",1750000000,3,140,108
"Cilodong, Depok",610000000,2,50,40
"Cilodong, Depok",680000000,2,45,70
"Cilodong, Depok",545000000,3,60,60
"Cilodong, Depok",1100000000,3,110,80
"Bojongsari, Depok",859000000,2,90,108
"Sukmajaya, Depok",950000000,3,86,72
"Cipayung, Depok",1100000000,3,100,60
"Tapos, Depok",1200000000,5,120,105
"Cipayung, Depok",1100000000,3,100,60
"Tapos, Depok",1200000000,5,120,105
"Pancoran Mas, Depok",650000000,3,50,50
"Beji, Depok",1049000000,3,80,55
"Rangkapan Jaya, Depok",788000000,3,70,72
"Cimanggis, Depok",810000000,3,60,50
"Cinere, Depok",1985000000,4,130,87
"Kelapa Dua, Depok",749000000,3,60,55
"Cinere, Depok",1400000000,2,87,62
"Cinere, Depok",3750000000,4,150,123
"Bojongsari, Depok",850000000,3,83,84
"Beji, Depok",900000000,2,69,99
"Depok, Depok",2000000000,4,149,128
"Sawangan, Depok",1363000000,3,90,96
Depok,975000000,3,61,71
Depok,970000000,3,80,76
"Cimanggis, Depok",1100000000,3,90,105
"Sawangan, Depok",500000000,2,49,46
"Sawangan, Depok",780000000,3,45,81
"Limo, Depok",12000000000,6,500,600
"Cinere, Depok",11000000000,5,2500,1125
"Sukmajaya, Depok",950000000,3,86,72
"Harjamukti, Depok",964000000,3,74,56
"Cimanggis, Depok",520000000,2,50,72
"Depok, Depok",1005000000,3,70,77
"Cimanggis, Depok",6390000000,5,590,500
"Harjamukti, Depok",1100000000,3,100,60
"Cimanggis, Depok",1000000000,3,100,60
"Cinere, Depok",1700000000,3,88,71
"Cinere, Depok",11000000000,5,2500,1125
"Cipayung, Depok",776000000,3,60,50
"Kelapa Dua, Depok",1052000000,3,73,61
"Cimanggis, Depok",790000000,3,60,50
"Cimanggis, Depok",3200000000,5,325,440
"Cinere, Depok",6900000000,5,300,630
"Tapos, Depok",900000000,2,40,60
"Cimanggis, Depok",960000000,2,64,105
"Pancoran Mas, Depok",1336000000,3,70,85
"Beji, Depok",900000000,2,69,99
Depok,975000000,3,61,71
"Cimanggis, Depok",1100000000,3,90,105
"Sawangan, Depok",1363000000,3,90,96
"Sawangan, Depok",780000000,3,45,81
"Sawangan, Depok",500000000,2,49,46
"Bojongsari, Depok",850000000,3,83,84
Depok,970000000,3,80,76
"Depok, Depok",2000000000,4,149,128
"Cinere, Depok",1985000000,4,130,87
"Kelapa Dua, Depok",749000000,3,60,55
"Limo, Depok",12000000000,6,500,600
"Cinere, Depok",1400000000,2,87,62
"Cinere, Depok",3750000000,4,150,123
"Pangkalan Jati Baru, Depok",2300000000,4,100,120
"Beji, Depok",1000000000,3,100,60
"Sukmajaya, Depok",1200000000,3,75,84
"Kelapa Dua, Depok",1400000000,3,160,60
"Pancoran Mas, Depok",975000000,3,140,100
"Cimanggis, Depok",2140000000,5,130,130
"Cinere, Depok",1850000000,4,150,144
"Cinere, Depok",3000000000,6,250,300
"Cilodong, Depok",775000000,2,45,65
"Sukatani, Depok",385000000,1,15,96
"Cipayung, Depok",235000000,2,21,40
"Cipayung, Depok",275000000,2,21,50
"Cimanggis, Depok",550000000,2,36,61
"Depok, Depok",640000000,2,36,72
"Grogol, Depok",380000000,1,106,106
"Pancoran Mas, Depok",145000000,2,33,33
"Pancoran Mas, Depok",795000000,2,45,105
"Sukmajaya, Depok",350000000,3,147,133
"Citayam, Depok",175000000,2,30,30
"Cinere, Depok",575000000,3,65,106
"Cipayung, Depok",1100000000,2,110,125
"Cinere, Depok",150000000,2,27,30
Depok,1200000000,3,60,120
"Cinere, Depok",8000000000,5,385,225
"Pasir Putih, Depok",240000000,2,36,50
"Cilodong, Depok",428500000,2,36,70
"Cilodong, Depok",445000000,5,150,150
"Cipayung, Depok",300000000,2,38,72
"Sukmajaya, Depok",3900000000,5,150,334
"Cimanggis, Depok",300000000,2,40,8000
"Sawangan, Depok",540000000,2,40,6
"Depok, Depok",2200000000,4,80,200
"Sukmajaya, Depok",860000000,3,200,151
Depok,190000000,2,36,50
"Cipayung, Depok",250000000,2,36,60
"Citayam, Depok",200000000,2,30,72
Depok,150000000,2,27,30
"Kukusan, Depok",950000000,4,100,149
"Sawangan, Depok",400000000,2,40,33
"Cilodong, Depok",250000000,2,36,50
"Cilodong, Depok",478500000,2,36,70
"Kukusan, Depok",670000000,2,45,64
"Beji, Depok",660000000,2,40,60
"Cilodong, Depok",155000000,2,40,60
"Citayam, Depok",150000000,2,35,35
"Beji, Depok",2333000000,10,210,83
"Bojongsari, Depok",471000000,2,45,91
"Cinere, Depok",1636192800,3,77,60
"Harjamukti, Depok",2330000000,5,300,407
Depok,2200000000,3,64,99
"Cilodong, Depok",655670000,2,40,75
"Cipayung, Depok",250000000,2,60,60
"Limo, Depok",150000000,2,27,30
"Cilodong, Depok",150000000,2,27,30
"Cimanggis, Depok",985000000,2,60,147
"Kemiri Muka, Depok",999000000,3,85,65
"Pancoran Mas, Depok",580000000,3,100,100
"Sawangan, Depok",475000000,2,36,70
"Citayam, Depok",195000000,2,36,55
"Tapos, Depok",495000000,2,46,40
"Citayam, Depok",165000000,2,30,30
"Mekarsari, Depok",1200000000,7,200,246
"Mekarsari, Depok",4927655000,1,1110,575
Depok,300000000,2,60,60
"Rangkapan Jaya, Depok",325000000,2,55,50
"Tanah Baru, Depok",250000000,2,36,55
"Sawangan, Depok",532000000,2,45,84
"Margonda, Depok",725000000,10,125,82
Depok,190000000,2,36,50
"Citayam, Depok",190000000,2,45,45
"Mekarsari, Depok",1100000000,5,135,160
"Tanah Baru, Depok",185000000,2,36,50
"Citayam, Depok",150000000,2,37,38
"Tapos, Depok",1200000000,4,200,175
"Pancoran Mas, Depok",181000000,1,24,60
"Sukmajaya, Depok",500000000,2,70,50
"Gandul, Depok",1699000000,3,86,70
"Beji, Depok",3800000000,10,420,191
"Gandul, Depok",365000000,2,30,40
"Beji, Depok",750000000,3,70,45
"Sawangan, Depok",387000000,2,36,60
"Gandul, Depok",365000000,2,30,40
"Citayam, Depok",160000000,2,30,38
"Margonda, Depok",150000000,2,27,30
"Sawangan, Depok",370000000,3,50,77
"Cimanggis, Depok",550000000,3,66,8000
"Beji, Depok",650000000,1,80,43
"Depok, Depok",3500000000,5,200,425
"Citayam, Depok",611000000,2,60,60
"Kukusan, Depok",1049000000,3,72,60
"Citayam, Depok",200000000,2,36,50
"Kukusan, Depok",675000000,1,50,60
"Limo, Depok",250000000,1,30,47
"Pasir Putih, Depok",300000000,2,40,60
"Sawangan, Depok",181000000,1,24,60
"Sawangan, Depok",181000000,1,24,60
"Cimanggis, Depok",1000000000,3,117,128
"Margonda, Depok",285000000,2,40,67
"Cipayung, Depok",442000000,2,36,72
"Rangkapan Jaya, Depok",425000000,2,40,60
"Depok Jaya, Depok",181000000,1,24,60
"Sawangan, Depok",195000000,2,30,35
"Citayam, Depok",135000000,2,33,33
"Beji, Depok",3700000000,20,511,417
"Pondok Cina, Depok",4000000000,28,450,438
"Citayam, Depok",135000000,2,35,35
"Sawangan, Depok",425000000,2,40,51
"Margonda, Depok",750000000,10,122,82
"Sawangan, Depok",455000000,3,50,80
"Citayam, Depok",175000000,2,30,42
"Cilodong, Depok",4000000000,5,400,180
"Sawangan, Depok",495000000,2,45,80
"Margonda, Depok",645000000,2,40,75
"Pondok Cina, Depok",649000000,3,54,67
"Margonda, Depok",484300000,2,67,48
"Cinangka, Depok",865000000,3,60,72
"Cimanggis, Depok",199900000,2,32,40
Depok,175000000,2,30,40
"Pancoran Mas, Depok",385000000,2,36,50
"Citayam, Depok",300000000,2,36,60
"Depok, Depok",150000000,2,27,30
"Cimanggis, Depok",695000000,2,36,84
"Citayam, Depok",175000000,2,40,40
"Cipayung, Depok",380000000,3,32,60
"Cimanggis, Depok",155000000,2,40,60
"Cilodong, Depok",275000000,2,60,66
"Rangkapan Jaya, Depok",600000000,2,36,162
"Rangkapan Jaya, Depok",560000000,2,36,60
"Cinere, Depok",13000000000,28,1120,1290
"Cipayung, Depok",275000000,2,21,50
"Depok, Depok",181000000,2,30,60
"Pancoran Mas, Depok",490000000,3,53,83
"Citayam, Depok",100000000,2,30,30
"Bojongsari Baru, Depok",620000000,2,40,83
"Sukmajaya, Depok",1500000000,4,145,108
"Bojongsari, Depok",625000000,2,42,72
"Sawangan, Depok",667500000,2,38,84
"Sawangan, Depok",714800000,3,63,75
"Limo, Depok",1100000000,3,140,72
"Sawangan, Depok",990000000,3,50,150
"Sawangan, Depok",897329340,3,65,70
"Cilodong, Depok",682000000,2,46,60
"Sukmajaya, Depok",1700000000,3,80,228
"Sukmajaya, Depok",900000000,2,56,94
"Citayam, Depok",250000000,2,40,60
"Citayam, Depok",280000000,2,50,70
"Citayam, Depok",235000000,2,40,56
"Citayam, Depok",285000000,2,50,70
"Citayam, Depok",270000000,2,40,60
"Citayam, Depok",265000000,2,40,60
"Citayam, Depok",130000000,2,30,30
"Cimanggis, Depok",2200000000,5,250,185
"Pancoran Mas, Depok",1639000000,3,82,72
"Cimanggis, Depok",2300000000,4,170,155
"Pancoran Mas, Depok",920000000,3,85,54
"Cilodong, Depok",1100000000,3,106,99
"Cimanggis, Depok",2500000000,4,265,300
"Cimanggis, Depok",2000000000,4,120,141
"Tapos, Depok",795000000,2,36,90
"Sawangan, Depok",490000000,2,40,60
"Cimanggis, Depok",694000000,2,57,77
"Cinere, Depok",4800000000,4,257,90
"Cimanggis, Depok",2200000000,5,185,185
Depok,725000000,2,45,77
"Tapos, Depok",1350000000,3,80,120
"Sawangan, Depok",1700000000,3,79,120
"Tapos, Depok",590000000,2,36,72
"Cimanggis, Depok",595000000,3,56,55
"Tapos, Depok",775000000,3,60,54
"Pasir Putih, Depok",500000000,2,38,75
"Sawangan, Depok",555000000,3,45,54
"Cilodong, Depok",605000000,3,56,43
"Cilodong, Depok",1300000000,3,70,101
"Cinere, Depok",1699000000,3,86,70
"Cilodong, Depok",605000000,3,56,43
"Cilodong, Depok",600000000,3,51,40
"Pasir Putih, Depok",545000000,3,40,50
"Cilodong, Depok",460000000,2,30,51
"Cilodong, Depok",570000000,3,52,52
"Bojongsari, Depok",2800000000,4,149,128
"Bojongsari, Depok",1556000000,4,103,96
"Citayam, Depok",115000000,1,24,24
"Tapos, Depok",1100000000,1,105,196
"Beji, Depok",429000000,2,52,68
"Citayam, Depok",440400000,2,36,75
"Cimanggis, Depok",1950000000,4,136,125
"Cimanggis, Depok",430600000,3,40,66
"Citayam, Depok",380400000,2,36,60
"Citayam, Depok",426500000,2,40,65
"Citayam, Depok",404400000,2,36,66
"Harjamukti, Depok",1350000000,3,95,78
"Limo, Depok",426000898,2,40,65
"Citayam, Depok",350000000,2,45,65
"Citayam, Depok",350000000,2,45,80
"Pondok Petir, Depok",921212000,3,60,70
"Sawangan, Depok",1911000000,3,95,84
"Bojongsari, Depok",526000000,3,55,90
"Bojongsari, Depok",1880000000,3,81,128
"Cimanggis, Depok",945000000,3,80,40
"Cilodong, Depok",2140000000,4,196,130
"Limo, Depok",950500000,2,84,51
"Cinere, Depok",2160000000,4,170,100
"Pancoran Mas, Depok",700000000,3,65,90
"Bojongsari Baru, Depok",2140000000,3,100,138
"Cimanggis, Depok",1200000000,4,200,180
"Bojongsari, Depok",600000000,2,39,83
"Cinere, Depok",2030000000,3,110,186
"Cipayung, Depok",699000000,2,50,69
"Cipayung Jaya, Depok",245000000,2,21,47
"Sukmajaya, Depok",1605000000,4,115,120
"Limo, Depok",900000000,3,144,133
"Sawangan, Depok",1230000000,3,160,90
"Cilodong, Depok",2140000000,4,196,130
Depok,1110000000,3,90,135
"Cimanggis, Depok",1900000000,3,145,120
"Cimanggis, Depok",1930000000,4,165,128
"Bojongsari, Depok",850000000,3,45,108
"Bojongsari, Depok",650000000,2,69,84
"Sawangan, Depok",540000000,2,36,75
"Cilodong, Depok",1500000000,3,189,108
"Bojongsari, Depok",1400000000,3,90,227
"Limo, Depok",1930000000,2,100,180
"Bojongsari, Depok",580000000,2,72,92
"Sukmajaya, Depok",1605000000,4,115,120
"Cinere, Depok",5000000000,5,250,300
"Sukmajaya, Depok",1770000000,2,65,180
"Sukmajaya, Depok",1020000000,2,77,115
"Bojongsari, Depok",1340000000,2,60,152
"Tapos, Depok",970000000,2,40,133
"Cimanggis, Depok",1340000000,2,60,103
"Beji, Depok",970000000,2,95,100
"Sawangan, Depok",660000000,2,50,82
"Tapos, Depok",700000000,2,30,90
"Baktijaya, Depok",860000000,3,150,140
"Bojongsari, Depok",1230000000,3,75,150
"Cimanggis, Depok",1930000000,3,180,96
"Tapos, Depok",890000000,2,54,90
"Sawangan, Depok",1230000000,3,160,90
"Tanah Baru, Depok",1140000000,2,98,87
"Pancoran Mas, Depok",1290000000,3,120,105
"Cimanggis, Depok",1050000000,3,154,83
"Sukmajaya, Depok",1590000000,3,150,106
"Limo, Depok",1820000000,4,220,150
"Cimanggis, Depok",1930000000,4,165,128
"Cimanggis, Depok",1500000000,3,107,102
"Cilodong, Depok",575000000,5,150,105
"Cinere, Depok",500000000,2,45,65
"Bojongsari, Depok",936000000,2,42,72
"Sawangan, Depok",640000000,2,50,87
"Pancoran Mas, Depok",1290000000,3,120,105
"Pancoran Mas, Depok",1820000000,3,114,124
"Cilodong, Depok",1500000000,3,189,108
"Cipayung, Depok",730000000,2,45,93
"Tapos, Depok",910000000,2,54,90
"Bojongsari, Depok",540000000,2,65,72
"Tapos, Depok",1050000000,2,100,90
"Bojongsari, Depok",900000000,3,81,81
"Tapos, Depok",1460900000,3,150,174
"Tapos, Depok",1020000000,3,140,120
"Cimanggis, Depok",910000000,2,70,106
"Tapos, Depok",750000000,2,54,90
"Sawangan, Depok",1230000000,3,160,90
"Cilodong, Depok",1320000000,3,90,72
"Sukmajaya, Depok",900000000,2,45,90
"Tanah Baru, Depok",1400000000,4,115,105
"Bojongsari, Depok",851000000,3,140,131
"Cimanggis, Depok",1050000000,3,92,91
"Cimanggis, Depok",1930000000,3,180,96
"Cipayung, Depok",700000000,3,80,83
"Tanah Baru, Depok",1400000000,4,115,105
"Pancoran Mas, Depok",2890000000,5,170,123
"Pancoran Mas, Depok",1360000000,3,88,84
"Cilodong, Depok",1340000000,4,100,90
"Pancoran Mas, Depok",1500000000,5,150,135
"Cimanggis, Depok",1340000000,2,60,103
"Bojongsari, Depok",740000000,3,65,105
"Bojongsari, Depok",531000000,2,42,68
"Sawangan, Depok",500000000,2,36,78
"Pancoran Mas, Depok",1290000000,3,120,105
"Beji, Depok",970000000,2,95,100
"Sawangan, Depok",660000000,2,50,82
"Tapos, Depok",700000000,2,30,90
"Sawangan, Depok",1230000000,3,160,90
"Cimanggis, Depok",1930000000,3,180,96
"Sukmajaya, Depok",900000000,2,45,90
"Cilodong, Depok",1320000000,3,90,72
"Tanah Baru, Depok",1400000000,4,115,105
"Bojongsari, Depok",851000000,3,140,131
"Limo, Depok",1820000000,4,220,150
"Cimanggis, Depok",1050000000,3,92,91
"Tapos, Depok",1050000000,2,100,90
"Tapos, Depok",1460900000,3,150,174
"Baktijaya, Depok",860000000,3,150,140
"Bojongsari, Depok",1340000000,2,60,152
"Tapos, Depok",970000000,2,40,133
"Tapos, Depok",890000000,2,54,90
"Tanah Baru, Depok",1140000000,2,98,87
"Tapos, Depok",1020000000,3,140,120
"Bojongsari, Depok",900000000,3,81,81
"Tapos, Depok",750000000,2,54,90
"Tanah Baru, Depok",1400000000,4,115,105
"Sawangan, Depok",640000000,2,50,87
"Pancoran Mas, Depok",1820000000,3,114,124
"Cilodong, Depok",1500000000,3,189,108
"Cipayung, Depok",730000000,2,45,93
"Pancoran Mas, Depok",1290000000,3,120,105
"Tapos, Depok",910000000,2,54,90
"Cimanggis, Depok",1050000000,3,154,83
"Pancoran Mas, Depok",2890000000,5,170,123
"Sukmajaya, Depok",1590000000,3,150,106
"Cimanggis, Depok",1930000000,4,165,128
"Cimanggis, Depok",1500000000,3,107,102
"Pancoran Mas, Depok",1360000000,3,88,84
"Cilodong, Depok",1340000000,4,100,90
"Pancoran Mas, Depok",1500000000,5,150,135
"Cilodong, Depok",575000000,5,150,105
"Pasir Putih, Depok",500000000,2,38,75
"Sawangan, Depok",555000000,3,45,54
"Cilodong, Depok",605000000,3,56,43
"Pangkalan Jati, Depok",3000000000,3,248,190
"Cinangka, Depok",622000000,2,36,80
"Bojongsari, Depok",623000000,2,36,80
"Cimanggis, Depok",736728525,3,45,41
Depok,627000000,2,40,60
"Citayam, Depok",250000000,2,40,55
"Cinere, Depok",5000000000,5,250,300
"Pengasinan, Depok",850000000,3,70,70
"Sawangan, Depok",845000000,3,70,72
"Sukmajaya, Depok",4280000000,4,200,171
"Sawangan, Depok",1400000000,3,90,109
"Pancoran Mas, Depok",1080000000,3,90,72
"Margonda, Depok",900000000,2,45,90
"Pancoran Mas, Depok",860000000,3,120,78
"Margonda, Depok",1590000000,3,150,106
"Limo, Depok",1660000000,3,89,105
"Pancoran Mas, Depok",6250000000,2,400,185
"Cisalak, Depok",827500000,3,61,61
"Beji, Depok",1495000000,3,130,95
"Cinere, Depok",1690000000,2,120,120
"Cipayung, Depok",480000000,2,38,72
"Sawangan, Depok",600000000,3,40,60
"Sawangan, Depok",550000000,2,45,72
"Cilodong, Depok",795000000,3,60,63
"Leuwi Nanggung, Depok",880000000,4,90,98
"Pengasinan, Depok",850000000,3,70,70
"Sawangan, Depok",845000000,3,70,72
"Citayam, Depok",250000000,2,40,55
"Tapos, Depok",1100000000,2,88,169
"Bojongsari, Depok",950000000,3,108,90
"Cinere, Depok",4950000000,4,200,250
"Pancoran Mas, Depok",860000000,3,120,78
"Sukmajaya, Depok",4280000000,4,200,171
"Cilodong, Depok",970000000,5,85,81
"Cinere, Depok",2900000000,5,242,230
"Bojongsari, Depok",830000000,3,70,85
"Sawangan, Depok",1480000000,3,120,120
"Limo, Depok",1640000000,3,95,84
"Citayam, Depok",220000000,2,32,40
"Citayam, Depok",220000000,2,32,40
"Citayam, Depok",220000000,2,32,40
"Sawangan, Depok",1060000000,4,100,148
"Sawangan, Depok",1480000000,3,120,120
"Citayam, Depok",220000000,2,32,40
"Citayam, Depok",220000000,2,32,40
"Sawangan, Depok",745000000,3,60,100
"Pancoran Mas, Depok",660000000,2,45,80
"Cimanggis, Depok",4500000000,9,200,259
"Cilodong, Depok",619000000,2,40,66
"Kalibaru, Depok",1080000000,3,78,72
"Sawangan, Depok",2500000000,3,200,230
"Krukut, Depok",485000000,2,36,52
"Serua, Depok",865000000,3,70,75
"Sawangan, Depok",1222000000,3,73,72
"Tapos, Depok",1765000000,3,150,134
"Bojongsari, Depok",300000000,2,40,60
"Sawangan, Depok",1222000000,3,73,72
"Cilodong, Depok",619000000,2,40,66
"Pancoran Mas, Depok",660000000,2,45,80
"Kalibaru, Depok",1080000000,3,78,72
"Sawangan, Depok",745000000,3,60,100
"Cimanggis, Depok",4500000000,9,200,259
"Bojongsari, Depok",775000000,2,57,105
"Depok, Depok",750000000,2,50,82
"Cimpaeun, Depok",890000000,2,54,90
"Cinangka, Depok",700000000,3,66,60
"Cinere, Depok",2995000000,5,102,202
"Jatimulya, Depok",740000000,2,70,84
"Bojongsari, Depok",799000000,2,76,108
"Bojongsari, Depok",830000000,3,70,85
"Limo, Depok",1640000000,3,95,84
"Kelapa Dua, Depok",800000000,3,81,60
"Cinere, Depok",1290000000,5,120,89
"Sawangan, Depok",1060000000,4,100,148
"Cinere, Depok",2900000000,5,242,230
"Citayam, Depok",220000000,2,32,40
"Citayam, Depok",220000000,2,32,40
"Citayam, Depok",220000000,2,32,40
"Sukmajaya, Depok",1000000000,2,75,90
"Citayam, Depok",220000000,2,32,40
"Citayam, Depok",220000000,2,32,40
"Sawangan, Depok",1480000000,3,120,120
"Cipayung, Depok",250000000,2,36,50
"Pancoran Mas, Depok",1040000000,3,100,58
"Citayam, Depok",200000000,2,36,50
"Cinere, Depok",1690000000,2,120,120
"Cisalak, Depok",827500000,3,61,61
"Beji, Depok",1495000000,3,130,95
"Pancoran Mas, Depok",6250000000,2,400,185
"Cinere, Depok",4000000000,3,225,425
"Sawangan, Depok",550000000,2,45,72
"Sawangan, Depok",600000000,3,40,60
"Cinere, Depok",3850000000,5,250,255
"Bojongsari, Depok",650000000,2,45,84
"Cinere, Depok",6500000000,6,500,635
"Pancoran Mas, Depok",370000000,3,80,100
"Cilodong, Depok",632900000,3,63,60
"Cimanggis, Depok",695000000,2,55,47
"Depok, Depok",775000000,3,60,54
"Sawangan, Depok",950000000,3,70,72
"Cinangka, Depok",650000000,2,50,65
"Cinangka, Depok",1350000000,3,90,100
"Sawangan, Depok",1350000000,3,90,100
"Sawangan, Depok",2566700000,4,184,144
"Sawangan, Depok",1627401000,3,79,120
"Citayam, Depok",600000000,2,45,86
"Cinere, Depok",2500000000,5,200,262
"Sawangan, Depok",599999999,3,120,135
"Cimanggis, Depok",800000000,3,61,45
"Bojongsari Baru, Depok",850000000,3,45,108
"Sawangan, Depok",891900000,3,60,60
"Sawangan, Depok",2000000000,3,110,98
"Pancoran Mas, Depok",870000000,3,70,75
"Citayam, Depok",428000000,2,40,68
Depok,1100000000,6,180,115
"Limo, Depok",299000000,2,36,50
"Tanah Baru, Depok",1650000000,3,105,72
"Sawangan, Depok",1645000000,3,79,120
"Cimanggis, Depok",2400000000,4,160,200
"Bojongsari, Depok",1500000000,4,95,163
"Pangkalan Jati, Depok",3450000000,4,164,324
"Cinere, Depok",5000000000,5,250,300
"Sawangan Baru, Depok",700000000,3,63,60
"Cinangka, Depok",800000000,3,60,72
"Cinere, Depok",850000000,2,80,83
"Beji, Depok",730000000,2,40,57
"Sawangan, Depok",786000000,3,70,61
"Beji, Depok",750000000,2,42,61
"Harjamukti, Depok",2100000000,4,136,125
"Sukmajaya, Depok",550000000,2,40,72
